batch,attack,seed,round,cid,principal_id,attack_active,valid,coherence,trainable_residual_norm,sketch_norm,loo_residual_ratio,aggregation_weight,existing_cumulative_q
clean_seed103,none,103,1,0,0,False,False,,3.8974324738304156,0.9999999999999999,1.038029655000014,0.1,1.0
clean_seed103,none,103,1,1,1,False,False,,3.746547121691394,0.9999999999999999,0.9876922313026838,0.1,1.0
clean_seed103,none,103,1,11,11,False,False,,3.830789651046713,1.0,1.0202802194916663,0.1,1.0
clean_seed103,none,103,1,12,12,False,False,,3.8410913927336994,1.0,1.02302395230578,0.1,1.0
clean_seed103,none,103,1,14,14,False,False,,3.650968701410224,1.0,0.9624951471274082,0.1,1.0
clean_seed103,none,103,1,15,15,False,False,,3.838497590669235,1.0,1.022333127389584,0.1,1.0
clean_seed103,none,103,1,3,3,False,False,,3.7203334270362483,1.0,0.9807815848531232,0.1,1.0
clean_seed103,none,103,1,6,6,False,False,,3.7932333605074633,1.0,1.0102775976185991,0.1,1.0
clean_seed103,none,103,1,8,8,False,False,,3.7546446337608366,1.0,0.9898269568257029,0.1,1.0
clean_seed103,none,103,1,9,9,False,False,,3.7502921053928673,1.0,0.9886795113736817,0.1,1.0
clean_seed103,none,103,2,1,1,False,False,,3.3421057339696296,1.0,0.969431056944458,0.1,1.0
clean_seed103,none,103,2,11,11,False,False,,3.430499239719245,1.0,0.9950710026933002,0.1,1.0
clean_seed103,none,103,2,14,14,False,False,,3.3768826813111033,1.0,0.9795186650281503,0.1,1.0
clean_seed103,none,103,2,15,15,False,False,,3.4976168631510096,0.9999999999999999,1.0195649725423805,0.1,1.0
clean_seed103,none,103,2,19,19,False,False,,3.3772768748354327,1.0,0.9796330071451717,0.1,1.0
clean_seed103,none,103,2,2,2,False,False,,3.4123534296917626,1.0,0.989807521165694,0.1,1.0
clean_seed103,none,103,2,4,4,False,False,,3.5452412524668144,0.9999999999999999,1.0334476135190631,0.1,1.0
clean_seed103,none,103,2,5,5,False,False,,3.55208970448185,1.0,1.0354439561900488,0.1,1.0
clean_seed103,none,103,2,7,7,False,False,,3.45977809789712,1.0,1.0085348679978927,0.1,1.0
clean_seed103,none,103,2,8,8,False,False,,3.4474919180984216,1.0,1.0049534126643815,0.1,1.0
clean_seed103,none,103,3,1,1,False,False,,3.047976620703337,1.0,0.9883497504825958,0.1,1.0
clean_seed103,none,103,3,10,10,False,False,,3.112116293704981,1.0,1.0161640175193785,0.1,1.0
clean_seed103,none,103,3,11,11,False,False,,3.0626121768237407,1.0,0.9930955376193873,0.1,1.0
clean_seed103,none,103,3,12,12,False,False,,3.1059441127171237,1.0,1.0141486853024673,0.1,1.0
clean_seed103,none,103,3,13,13,False,False,,2.978296998150903,1.0,0.9657551422773899,0.1,1.0
clean_seed103,none,103,3,19,19,False,False,,3.0839048820673627,1.0,1.0069524654165336,0.1,1.0
clean_seed103,none,103,3,2,2,False,False,,3.1069806469609698,1.0,1.0144871330666634,0.1,1.0
clean_seed103,none,103,3,3,3,False,False,,3.016191366256937,0.9999999999999999,0.9780429298568273,0.1,1.0
clean_seed103,none,103,3,6,6,False,False,,3.047901351179743,1.0,0.9883253432695097,0.1,1.0
clean_seed103,none,103,3,9,9,False,False,,3.1028999083537974,1.0,1.013154695796919,0.1,1.0
clean_seed103,none,103,4,0,0,False,False,,2.99959312595491,0.9999999999999999,0.9966174221868176,0.1,1.0
clean_seed103,none,103,4,1,1,False,False,,3.0201915136752167,1.0,1.0038569865684976,0.1,1.0
clean_seed103,none,103,4,13,13,False,False,,3.0097739204408884,0.9999999999999999,1.0003943671603717,0.1,1.0
clean_seed103,none,103,4,18,18,False,False,,3.008587432358459,1.0,0.9996057883037754,0.1,1.0
clean_seed103,none,103,4,19,19,False,False,,2.909019590470215,1.0,0.9665242863304782,0.1,1.0
clean_seed103,none,103,4,2,2,False,False,,3.046635428799412,1.0,1.0126464652586569,0.1,1.0
clean_seed103,none,103,4,3,3,False,False,,2.961021304975446,1.0,0.9838019011546552,0.1,1.0
clean_seed103,none,103,4,5,5,False,False,,2.9681824540449364,1.0,0.9861811991546995,0.1,1.0
clean_seed103,none,103,4,6,6,False,False,,3.0549153605675223,1.0,1.0153985646921173,0.1,1.0
clean_seed103,none,103,4,8,8,False,False,,3.0114431704323703,1.0,1.0009491956401855,0.1,1.0
clean_seed103,none,103,5,0,0,False,False,,3.0451305195046365,1.0,1.0085842674312968,0.1,1.0
clean_seed103,none,103,5,10,10,False,False,,3.0593495956356027,1.0,1.0132937983992611,0.1,1.0
clean_seed103,none,103,5,13,13,False,False,,2.9971442939388138,0.9999999999999999,0.9877521769490113,0.1,1.0
clean_seed103,none,103,5,14,14,False,False,,3.019212789487683,0.9999999999999999,0.995025168297632,0.1,1.0
clean_seed103,none,103,5,17,17,False,False,,3.0143567975882957,1.0,0.9934248060529558,0.1,1.0
clean_seed103,none,103,5,18,18,False,False,,3.0361377069741686,1.0,1.0056057385373482,0.1,1.0
clean_seed103,none,103,5,2,2,False,False,,2.983408447304877,1.0,0.9832253303629637,0.1,1.0
clean_seed103,none,103,5,6,6,False,False,,3.0343079609264474,1.0,1.0049997043902712,0.1,1.0
clean_seed103,none,103,5,8,8,False,False,,3.045287655221145,1.0,1.0086363126919209,0.1,1.0
clean_seed103,none,103,5,9,9,False,False,,3.0065463043621707,1.0,0.9908507452368809,0.1,1.0
clean_seed103,none,103,6,10,10,False,False,,3.0496620540240076,0.9999999999999999,1.0101994544397568,0.1,1.0
clean_seed103,none,103,6,12,12,False,False,,3.0188712146110888,1.0,0.9972709702707929,0.1,1.0
clean_seed103,none,103,6,13,13,False,False,,3.0312842432744196,0.9999999999999999,1.0041118112635123,0.1,1.0
clean_seed103,none,103,6,14,14,False,False,,2.9666330406672103,0.9999999999999999,0.9800143168030837,0.1,1.0
clean_seed103,none,103,6,17,17,False,False,,2.9973967030711144,1.0,0.990176958821775,0.1,1.0
clean_seed103,none,103,6,2,2,False,True,0.48858415134625344,3.0027906087874863,0.9999999999999999,0.9919588121056384,0.1,1.0
clean_seed103,none,103,6,4,4,False,False,,3.027132348785168,1.0,1.0027364977128193,0.1,1.0
clean_seed103,none,103,6,5,5,False,False,,3.067401126078614,1.0,1.016075515653879,0.1,1.0
clean_seed103,none,103,6,7,7,False,False,,2.9834778898937375,1.0,0.9855789394510783,0.1,1.0
clean_seed103,none,103,6,8,8,False,True,0.5159646940703548,3.0617212339105166,1.0,1.0141940534236893,0.1,1.0
clean_seed103,none,103,7,0,0,False,False,,2.990957559336891,1.0,0.9897091790683371,0.1,1.0
clean_seed103,none,103,7,1,1,False,True,0.47971677866843476,2.956117163328729,1.0,0.9781804766218543,0.1,1.0
clean_seed103,none,103,7,14,14,False,True,0.5154236520532576,3.022057006839554,1.0,1.0003162760809583,0.1,1.0
clean_seed103,none,103,7,15,15,False,False,,3.0604651412777817,0.9999999999999999,1.013029564389389,0.1,1.0
clean_seed103,none,103,7,17,17,False,False,,3.056184065704269,1.0,1.0116125065491084,0.1,1.0
clean_seed103,none,103,7,18,18,False,False,,2.9916832063541605,0.9999999999999999,0.9899492959872527,0.1,1.0
clean_seed103,none,103,7,19,19,False,False,,2.9797002166234274,1.0,0.9859841193861452,0.1,1.0
clean_seed103,none,103,7,3,3,False,False,,3.04005526791843,1.0,1.0062737922554073,0.1,1.0
clean_seed103,none,103,7,6,6,False,True,0.5140789891687043,3.021101504695472,0.9999999999999999,0.9996838239179738,0.1,1.0
clean_seed103,none,103,7,7,7,False,False,,3.0251508866749313,0.9999999999999999,1.0013403660794467,0.1,1.0
clean_seed103,none,103,8,0,0,False,True,0.511716639641707,2.987955294918365,1.0,0.9794742506166942,0.1,1.0
clean_seed103,none,103,8,10,10,False,False,,3.0215555037738033,1.0,0.9904886521524923,0.1,1.0
clean_seed103,none,103,8,11,11,False,False,,3.0312311842759816,1.0,0.9936604130972411,0.1,1.0
clean_seed103,none,103,8,12,12,False,False,,3.0505705413257123,1.0,1.0063800336807203,0.1,1.0
clean_seed103,none,103,8,13,13,False,True,0.5325569420663914,3.074817109038611,0.9999999999999999,1.0143789510310939,0.1,1.0
clean_seed103,none,103,8,17,17,False,False,,3.0535241959655375,1.0000000000000002,1.007354441259775,0.1,1.0
clean_seed103,none,103,8,3,3,False,True,0.4763397306576792,2.9936980560005177,0.9999999999999999,0.9813567709532529,0.1,1.0
clean_seed103,none,103,8,5,5,False,False,,3.08868746216945,1.0,1.0189547660341822,0.1,1.0
clean_seed103,none,103,8,8,8,False,True,0.5389370967864363,3.009569835543368,1.0,0.9865596598318536,0.1,1.0
clean_seed103,none,103,8,9,9,False,False,,3.0905456886503164,0.9999999999999999,1.019567793008339,0.1,1.0
clean_seed103,none,103,9,0,0,False,True,0.5376974595196131,3.0017863205597934,1.0,0.9780971250255066,0.1,1.0
clean_seed103,none,103,9,10,10,False,True,0.5134159516812975,3.059509197635458,1.0,0.9969054524967902,0.1,1.0
clean_seed103,none,103,9,12,12,False,True,0.49699960664395804,3.112041145406154,1.0,1.017008134445472,0.1,1.0
clean_seed103,none,103,9,13,13,False,True,0.5390466256195403,3.083603473013145,0.9999999999999999,1.0077147662677801,0.1,1.0
clean_seed103,none,103,9,15,15,False,False,,3.0599963166499227,1.0,0.9970641745564951,0.1,1.0
clean_seed103,none,103,9,16,16,False,False,,3.0690063836774018,0.9999999999999999,1.002944469893135,0.1,1.0
clean_seed103,none,103,9,19,19,False,True,0.4801343587814647,3.0494027731238726,0.9999999999999999,0.9936123917311507,0.1,1.0
clean_seed103,none,103,9,2,2,False,True,0.4995621289123988,3.0384072522009267,0.9999999999999999,0.9900296292509467,0.1,1.0
clean_seed103,none,103,9,3,3,False,True,0.5210394081908635,3.0712697603667127,1.0,1.0036841363682203,0.1,1.0
clean_seed103,none,103,9,5,5,False,True,0.5138585011112274,3.069936883799612,0.9999999999999999,1.0032485552664234,0.1,1.0
clean_seed103,none,103,10,0,0,False,True,0.5525914324018866,3.062974194258663,0.9999999999999999,0.980054559638238,0.1,1.0
clean_seed103,none,103,10,1,1,False,True,0.49024645339204315,3.052334981936639,1.0,0.9766503492577837,0.1,1.0
clean_seed103,none,103,10,10,10,False,True,0.5456038426092369,3.052962905061448,1.0,0.9768512647348794,0.1,1.0
clean_seed103,none,103,10,11,11,False,True,0.4870618306508217,3.0953246800407914,1.0,0.9904056886672439,0.1,1.0
clean_seed103,none,103,10,13,13,False,True,0.552181272264249,3.1304976052816658,0.9999999999999999,1.0113632425921828,0.1,1.0
clean_seed103,none,103,10,16,16,False,False,,3.125309876002497,1.0,1.0096872538622703,0.1,1.0
clean_seed103,none,103,10,17,17,False,True,0.5310919028575095,3.1547635461346912,0.9999999999999999,1.0192027887985944,0.1,1.0
clean_seed103,none,103,10,5,5,False,True,0.5525861339902524,3.1720958756853377,1.0,1.0248023078611368,0.1,1.0
clean_seed103,none,103,10,8,8,False,True,0.5403780098301574,3.0938168632923233,1.0,0.9899232351479798,0.1,1.0
clean_seed103,none,103,10,9,9,False,True,0.508503799773376,3.1644588181915583,1.0,1.0223350198434937,0.1,1.0
clean_seed103,none,103,11,0,0,False,True,0.5589440401459049,3.0692481761102024,1.0,0.9827255964191555,0.1,1.0
clean_seed103,none,103,11,1,1,False,True,0.5098421323602169,3.043197600285783,1.0,0.9743846066408184,0.1,1.0
clean_seed103,none,103,11,10,10,False,True,0.553453414636364,3.1118517562921446,1.0,0.9963666011022473,0.1,1.0
clean_seed103,none,103,11,11,11,False,True,0.5017425845034295,3.0635427057269524,1.0,0.9808987934161031,0.1,1.0
clean_seed103,none,103,11,13,13,False,True,0.5649639554133608,3.136254116629126,1.0,1.0078417489803748,0.1,1.0
clean_seed103,none,103,11,14,14,False,True,0.5257998986135918,3.1670195505662844,0.9999999999999999,1.0177282848267404,0.1,1.0
clean_seed103,none,103,11,18,18,False,False,,3.0533394087707273,0.9999999999999999,0.9776318562017081,0.1,1.0
clean_seed103,none,103,11,4,4,False,False,,3.2375496994070696,1.0,1.0403932940766747,0.1,1.0
clean_seed103,none,103,11,7,7,False,False,,3.154658452623447,1.0,1.0137560204289127,0.1,1.0
clean_seed103,none,103,11,9,9,False,True,0.5438813273473434,3.1231995862262005,1.0,1.003646648626854,0.1,1.0
clean_seed103,none,103,12,1,1,False,True,0.5416009942949848,3.02948470314799,1.0,0.976008309876898,0.1,1.0
clean_seed103,none,103,12,12,12,False,True,0.5348632483587502,3.1253913700842633,1.0,1.0086622224005533,0.1,1.0
clean_seed103,none,103,12,15,15,False,True,0.48301664306844344,3.0463549523446587,1.0,0.9814433937340745,0.1,1.0
clean_seed103,none,103,12,16,16,False,False,,3.163804248319855,1.0,1.021059267935644,0.1,1.0
clean_seed103,none,103,12,17,17,False,True,0.5457432278161385,3.133699254168795,1.0,1.011343438233028,0.1,1.0
clean_seed103,none,103,12,3,3,False,True,0.5421235829030919,3.1039538008954994,1.0,1.0017436436946099,0.1,1.0
clean_seed103,none,103,12,4,4,False,False,,3.134679549641294,1.0,1.0116598104542367,0.1,1.0
clean_seed103,none,103,12,6,6,False,True,0.5336053377326525,3.098551031926254,1.0,0.9982593913067628,0.1,1.0
clean_seed103,none,103,12,7,7,False,True,0.5236675340295749,3.0252570085853283,1.0,0.9746462746038723,0.1,1.0
clean_seed103,none,103,12,8,8,False,True,0.5401564912808929,3.0390333674152252,1.0,0.9790846005950397,0.1,1.0
clean_seed103,none,103,13,1,1,False,True,0.5620586175740675,2.9582450957839828,1.0,0.9581518424105301,0.1,1.0
clean_seed103,none,103,13,12,12,False,True,0.5587773237319893,3.1363270258642606,1.0,1.0199711496876471,0.1,1.0
clean_seed103,none,103,13,13,13,False,True,0.578806411275175,3.0134018563862024,1.0,0.9760166744583315,0.1,1.0
clean_seed103,none,103,13,18,18,False,True,0.534770796857661,3.098018702435389,1.0,1.0075128236367834,0.1,1.0
clean_seed103,none,103,13,2,2,False,True,0.519368779937988,3.087449154553201,1.0,1.0040754799490335,0.1,1.0
clean_seed103,none,103,13,3,3,False,True,0.5698866736863106,3.1134732423968328,1.0,1.0125388253140237,0.1,1.0
clean_seed103,none,103,13,6,6,False,True,0.5366443258409431,3.038626167777973,1.0,0.9841866264572402,0.1,1.0
clean_seed103,none,103,13,7,7,False,True,0.5412260272582754,3.0749173903837574,1.0,0.9959410621707042,0.1,1.0
clean_seed103,none,103,13,8,8,False,True,0.5565499156006152,3.05780931480983,0.9999999999999999,0.9903998938088876,0.1,1.0
clean_seed103,none,103,13,9,9,False,True,0.5602984172873835,3.116605814487149,1.0,1.0135575753136539,0.1,1.0
clean_seed103,none,103,14,0,0,False,True,0.5715533712208267,3.0546724572826576,1.0,0.9827353100282233,0.1,1.0
clean_seed103,none,103,14,10,10,False,True,0.5526804618861249,3.108336930719351,0.9999999999999999,1.000238655894044,0.1,1.0
clean_seed103,none,103,14,12,12,False,True,0.5479457047917161,3.126915659263572,1.0,1.0062171462834342,0.1,1.0
clean_seed103,none,103,14,13,13,False,True,0.5902496778121202,3.107595284788333,1.0,0.9997614010490019,0.1,1.0
clean_seed103,none,103,14,14,14,False,True,0.5394058245980473,3.1576350154416195,1.0,1.0161023962477453,0.1,1.0
clean_seed103,none,103,14,15,15,False,True,0.5103176826520972,3.075458641186479,0.9999999999999999,0.9894225464402074,0.1,1.0
clean_seed103,none,103,14,16,16,False,False,,3.135080236401495,0.9999999999999999,1.0088444437239628,0.1,1.0
clean_seed103,none,103,14,3,3,False,True,0.5730902369117284,3.1054935237008103,0.9999999999999999,0.9990852320446861,0.1,1.0
clean_seed103,none,103,14,5,5,False,True,0.5683990558893862,3.19252013422825,1.0,1.027328156229231,0.1,1.0
clean_seed103,none,103,14,6,6,False,True,0.5603070112949936,3.070053573209694,0.9999999999999999,0.9876836525888469,0.1,1.0
clean_seed103,none,103,15,0,0,False,True,0.5718673903469653,3.0197831796799597,0.9999999999999999,0.9685714277188701,0.1,1.0
clean_seed103,none,103,15,1,1,False,True,0.5789099688276202,3.024704490042702,0.9999999999999999,0.9701498988608922,0.1,1.0
clean_seed103,none,103,15,12,12,False,True,0.550286954490069,3.133397282943771,1.0,1.0156697758247153,0.1,1.0
clean_seed103,none,103,15,13,13,False,True,0.5789873157263141,3.05735616017422,1.0,0.9806226622597671,0.1,1.0
clean_seed103,none,103,15,17,17,False,True,0.5377437348708942,3.1252917032636023,1.0,1.0130424063744705,0.1,1.0
clean_seed103,none,103,15,2,2,False,True,0.5284815796127345,3.117770247251665,1.0,1.010604376705171,0.1,1.0
clean_seed103,none,103,15,3,3,False,True,0.5820161927737647,3.04337719638433,0.9999999999999999,0.9761390208489824,0.1,1.0
clean_seed103,none,103,15,5,5,False,True,0.5682606033207541,3.1871540295188523,1.0,1.0330946657485631,0.1,1.0
clean_seed103,none,103,15,7,7,False,True,0.5683801678487411,3.0850551601769176,0.9999999999999999,0.9895068961211667,0.1,1.0
clean_seed103,none,103,15,9,9,False,True,0.5644945469087759,3.1649379919609277,0.9999999999999999,1.0258934857357394,0.1,1.0
clean_seed103,none,103,16,0,0,False,True,0.5777217988342761,3.037370313844068,1.0,0.964210229953502,0.1,1.0
clean_seed103,none,103,16,1,1,False,True,0.5725362507289249,3.044065261207297,1.0,0.966335534433895,0.1,1.0
clean_seed103,none,103,16,10,10,False,True,0.5602385189301762,3.1766282175118463,1.0,1.0118868971362736,0.1,1.0
clean_seed103,none,103,16,12,12,False,True,0.5521020618322412,3.1697502438053053,1.0,1.0096959792837752,0.1,1.0
clean_seed103,none,103,16,14,14,False,True,0.5424470099513105,3.1501121015803184,0.9999999999999999,1.0034404223092397,0.1,1.0
clean_seed103,none,103,16,15,15,False,True,0.5432864610625958,3.1358918694150617,1.0,0.9954858012328759,0.1,1.0
clean_seed103,none,103,16,17,17,False,True,0.5443527398409912,3.174731812784207,1.0,1.0112828141387775,0.1,1.0
clean_seed103,none,103,16,19,19,False,True,0.4963422393399607,3.1393115441083146,0.9999999999999999,0.9965713736134706,0.1,1.0
clean_seed103,none,103,16,3,3,False,True,0.5849172139575798,3.1145738484830736,1.0,0.9887184163765422,0.1,1.0
clean_seed103,none,103,16,6,6,False,True,0.5843194439155179,3.168776309933915,1.0,1.0093857412402722,0.1,1.0
clean_seed103,none,103,17,1,1,False,True,0.5859682585425405,3.0510009437991723,1.0,0.9783566756778381,0.1,1.0
clean_seed103,none,103,17,10,10,False,True,0.5648227294815735,3.0940079146155055,1.0,0.992147611103262,0.1,1.0
clean_seed103,none,103,17,11,11,False,True,0.5359405690833465,3.144243970235141,1.0,1.0160532636298927,0.1,1.0
clean_seed103,none,103,17,13,13,False,True,0.5857004666422427,3.0945660850516816,1.0,0.9923265981906009,0.1,1.0
clean_seed103,none,103,17,15,15,False,True,0.554349284347822,3.029762542431625,1.0,0.9715462117869974,0.1,1.0
clean_seed103,none,103,17,17,17,False,True,0.5552372873992838,3.165945835967863,1.0,1.0230661582122875,0.1,1.0
clean_seed103,none,103,17,3,3,False,True,0.5794971707490818,3.0258647587968714,0.9999999999999999,0.9702963194698025,0.1,1.0
clean_seed103,none,103,17,6,6,False,True,0.598916502017065,3.118495554482047,1.0,1.0077327382168237,0.1,1.0
clean_seed103,none,103,17,7,7,False,True,0.5905141356786058,3.154431470527911,1.0,1.019345324620925,0.1,1.0
clean_seed103,none,103,17,9,9,False,True,0.5579929811807872,3.186296808320113,1.0,1.0296425155408822,0.1,1.0
clean_seed103,none,103,18,10,10,False,True,0.5612010319373482,3.0518404215766863,1.0,0.9758248422484341,0.1,1.0
clean_seed103,none,103,18,14,14,False,True,0.5539903306585592,3.147244241874022,1.0,1.0139501857285673,0.1,1.0
clean_seed103,none,103,18,15,15,False,True,0.578367569270462,3.0535172744825956,1.0,0.9763610153428115,0.1,1.0
clean_seed103,none,103,18,17,17,False,True,0.5695661706766594,3.143592876575421,1.0,1.0127738224602132,0.1,1.0
clean_seed103,none,103,18,18,18,False,True,0.5412056736388577,3.127446944827545,1.0,1.0075720747608445,0.1,1.0
clean_seed103,none,103,18,2,2,False,True,0.5407139926884,3.1508802341205127,0.9999999999999999,1.0151215962484708,0.1,1.0
clean_seed103,none,103,18,3,3,False,True,0.5868956326867397,3.0419173609341286,1.0,0.9726519472904654,0.1,1.0
clean_seed103,none,103,18,5,5,False,True,0.5733309248973824,3.192437888354576,1.0,1.028510258834118,0.1,1.0
clean_seed103,none,103,18,6,6,False,True,0.5985443611389869,3.103943651445352,1.0,0.992484830663214,0.1,1.0
clean_seed103,none,103,18,8,8,False,True,0.5552417435774615,3.034766608084237,1.0,0.9703654967203869,0.1,1.0
clean_seed103,none,103,19,12,12,False,True,0.5470656611089887,3.0722332552518683,0.9999999999999999,0.9773602011114865,0.1,1.0
clean_seed103,none,103,19,13,13,False,True,0.5959869517033999,3.0766158855939794,0.9999999999999999,0.9787544339436586,0.1,1.0
clean_seed103,none,103,19,15,15,False,True,0.5989170923848626,3.0929840215445146,1.0,0.9839615791423794,0.1,1.0
clean_seed103,none,103,19,16,16,False,True,0.5781194849142954,3.284559797797638,1.0,1.0523439355578377,0.1,1.0
clean_seed103,none,103,19,17,17,False,True,0.6050749876424537,3.1068827926599694,0.9999999999999999,0.9883831528329128,0.1,1.0
clean_seed103,none,103,19,18,18,False,True,0.5456010290094774,3.146648808347883,1.0,1.0081584731736415,0.1,1.0
clean_seed103,none,103,19,5,5,False,True,0.5828989687653366,3.208182390349988,0.9999999999999999,1.0278732891122904,0.1,1.0
clean_seed103,none,103,19,6,6,False,True,0.6095680913712479,3.1211847066487097,1.0,0.9929329771369169,0.1,1.0
clean_seed103,none,103,19,7,7,False,True,0.6056937542397791,3.143399180525279,0.9999999999999999,1.007117321134263,0.1,1.0
clean_seed103,none,103,19,9,9,False,True,0.5552996479807352,3.1946137475750773,0.9999999999999998,1.0235260158650497,0.1,1.0
clean_seed103,none,103,20,0,0,False,True,0.5561316207735992,3.1226675402523205,0.9999999999999999,1.0076778402748725,0.1,1.0
clean_seed103,none,103,20,10,10,False,True,0.5793217030692123,3.0988748739384055,1.0,0.9923806598021663,0.1,1.0
clean_seed103,none,103,20,14,14,False,True,0.5907641929515765,3.212786079829102,1.0,1.0367588917024988,0.1,1.0
clean_seed103,none,103,20,15,15,False,True,0.5956327878354872,3.072125145882832,1.0,0.9838143530433583,0.1,1.0
clean_seed103,none,103,20,18,18,False,True,0.5651867173421296,3.1814881796465464,1.0,1.0266591292223253,0.1,1.0
clean_seed103,none,103,20,19,19,False,True,0.5102908895111798,3.1847611780831615,1.0000000000000002,1.0277153185070689,0.1,1.0
clean_seed103,none,103,20,3,3,False,True,0.6084523780858473,3.0264650565172655,1.0,0.9691922106676519,0.1,1.0
clean_seed103,none,103,20,5,5,False,True,0.600779665858134,3.1750369689555096,1.0,1.0245773379421121,0.1,1.0
clean_seed103,none,103,20,6,6,False,True,0.6152111484422877,3.049024202096163,1.0,0.9764165293913399,0.1,1.0
clean_seed103,none,103,20,8,8,False,True,0.5609756996258339,3.0696845396817207,0.9999999999999999,0.9830327756997408,0.1,1.0
clean_seed103,none,103,21,1,1,False,True,0.5796652271529209,2.999172767404243,1.0,0.9563479594588145,0.1,1.0
clean_seed103,none,103,21,10,10,False,True,0.5770392468275287,3.0376376116715753,1.0,0.9686132666547724,0.1,1.0
clean_seed103,none,103,21,11,11,False,True,0.5473098012309895,3.136068559294504,1.0,1.0066466030932866,0.1,1.0
clean_seed103,none,103,21,12,12,False,True,0.5730394872867856,3.1153619846903537,1.0,0.9933972825489478,0.1,1.0
clean_seed103,none,103,21,16,16,False,True,0.5623371884691748,3.2430449010498057,0.9999999999999999,1.0409849375407791,0.1,1.0
clean_seed103,none,103,21,17,17,False,True,0.6012646382606113,3.1685274520593825,1.0,1.017065582629016,0.1,1.0
clean_seed103,none,103,21,3,3,False,True,0.614946616957485,3.097680962026116,1.0,0.9877593245993883,0.1,1.0
clean_seed103,none,103,21,5,5,False,True,0.5949649732326281,3.195867151960037,1.0,1.0258413525186816,0.1,1.0
clean_seed103,none,103,21,7,7,False,True,0.5985561684799965,3.1361724521906367,1.0,1.0066799516725666,0.1,1.0
clean_seed103,none,103,21,8,8,False,True,0.5791042184792415,3.078041708913703,1.0,0.9814969445713092,0.1,1.0
clean_seed103,none,103,22,0,0,False,True,0.568251348172305,3.115080880490355,1.0,0.9914446948672954,0.1,1.0
clean_seed103,none,103,22,12,12,False,True,0.5850767784660638,3.1419613182834247,1.0,1.0086291299726504,0.1,1.0
clean_seed103,none,103,22,13,13,False,True,0.5915324226292793,3.0446997635984006,0.9999999999999999,0.9690443182355403,0.1,1.0
clean_seed103,none,103,22,14,14,False,True,0.600855061710025,3.2926487425253668,0.9999999999999999,1.0570026489992967,0.1,1.0
clean_seed103,none,103,22,15,15,False,True,0.6043479883594839,3.076768963176086,1.0,0.9792510637454455,0.1,1.0
clean_seed103,none,103,22,16,16,False,True,0.581902266599078,3.2486972165331953,1.0,1.0428933761815542,0.1,1.0
clean_seed103,none,103,22,3,3,False,True,0.6286192906658156,3.066030116413412,0.9999999999999999,0.9758331837415818,0.1,1.0
clean_seed103,none,103,22,4,4,False,True,0.5028151215414357,3.192390735357396,1.0,1.0248179285973695,0.1,1.0
clean_seed103,none,103,22,5,5,False,True,0.5989479214579628,3.201999358905483,1.0,1.0279024788600177,0.1,1.0
clean_seed103,none,103,22,8,8,False,True,0.595371548232557,2.9731757394824943,1.0,0.9462801856220354,0.1,1.0
clean_seed103,none,103,23,0,0,False,True,0.5711787195908806,3.1117019847540135,0.9999999999999999,0.9749647755982811,0.1,1.0
clean_seed103,none,103,23,1,1,False,True,0.5784370477721674,3.011606668696158,1.0,0.9436027082033532,0.1,1.0
clean_seed103,none,103,23,11,11,False,True,0.5401308338410061,3.198493506146882,1.0,1.009505049569012,0.1,1.0
clean_seed103,none,103,23,16,16,False,True,0.5959673707192654,3.307185396619559,1.0,1.0438102660931348,0.1,1.0
clean_seed103,none,103,23,17,17,False,True,0.61293650105041,3.168377916992505,0.9999999999999999,0.992722593611529,0.1,1.0
clean_seed103,none,103,23,18,18,False,True,0.5727201485400338,3.153112067772066,1.0,0.9879394667785463,0.1,1.0
clean_seed103,none,103,23,2,2,False,True,0.5619666611598139,3.294974814354558,0.9999999999999999,1.0399563753689527,0.1,1.0
clean_seed103,none,103,23,3,3,False,True,0.6267045582511485,3.0817180570966425,1.0,0.965570150584943,0.1,1.0
clean_seed103,none,103,23,6,6,False,True,0.5922050207167976,3.191604520116675,1.0,1.0073307552737323,0.1,1.0
clean_seed103,none,103,23,9,9,False,True,0.5574909812514915,3.2087432560223816,0.9999999999999999,1.0127400645022144,0.1,1.0
clean_seed103,none,103,24,0,0,False,True,0.5920047576956681,3.032164091835002,1.0,0.9594669285742186,0.1,1.0
clean_seed103,none,103,24,1,1,False,True,0.5723410785558593,2.9809375551102257,0.9999999999999999,0.9432573283137423,0.1,1.0
clean_seed103,none,103,24,11,11,False,True,0.548071660612698,3.1347615716234354,1.0,0.9919318235570262,0.1,1.0
clean_seed103,none,103,24,14,14,False,True,0.5922635999036092,3.1950802290088602,1.0,1.011817735379321,0.1,1.0
clean_seed103,none,103,24,16,16,False,True,0.5876274256840208,3.247383815196927,1.0,1.0283812306081852,0.1,1.0
clean_seed103,none,103,24,18,18,False,True,0.5758430479637843,3.1577626259052027,0.9999999999999999,0.9992100414361716,0.1,1.0
clean_seed103,none,103,24,19,19,False,True,0.5369820854807837,3.1794304923651238,1.0,1.006861778109021,0.1,1.0
clean_seed103,none,103,24,4,4,False,True,0.5078124347966162,3.2466995844277484,0.9999999999999999,1.028164548466353,0.1,1.0
clean_seed103,none,103,24,5,5,False,True,0.5938387492023929,3.160259099644884,1.0,1.000790583091712,0.1,1.0
clean_seed103,none,103,24,9,9,False,True,0.56706518674979,3.1570957711107543,0.9999999999999999,0.9989990287396103,0.1,1.0
clean_seed103,none,103,25,1,1,False,True,0.5743512202048592,2.9871316938251677,1.0,0.9686607878003416,0.1,1.0
clean_seed103,none,103,25,11,11,False,True,0.5490223110010681,3.0932367081755303,1.0,1.0095347332407005,0.1,1.0
clean_seed103,none,103,25,12,12,False,True,0.5947296402189439,2.9450861457161457,1.0,0.9550263458241232,0.1,1.0
clean_seed103,none,103,25,19,19,False,True,0.5442905363748219,3.0837747655796193,1.0,1.0064466541198058,0.1,1.0
clean_seed103,none,103,25,3,3,False,True,0.6007267481195914,3.0090924239104497,1.0,0.975782167198864,0.1,1.0
clean_seed103,none,103,25,4,4,False,True,0.5398556105967636,3.2043583446331407,1.0,1.0458013245823865,0.1,1.0
clean_seed103,none,103,25,6,6,False,True,0.5888554651916885,3.0640220750463456,0.9999999999999999,0.9935946390269002,0.1,1.0
clean_seed103,none,103,25,7,7,False,True,0.592680657063743,3.13690799854874,1.0,1.0237876626594773,0.1,1.0
clean_seed103,none,103,25,8,8,False,True,0.6005496465167485,3.060478265016359,0.9999999999999999,0.9924454597581864,0.1,1.0
clean_seed103,none,103,25,9,9,False,True,0.5809898996848102,3.1021710177288853,1.0,1.0124506096066435,0.1,1.0
clean_seed103,none,103,26,12,12,False,True,0.6062072586973319,3.0304800741421807,1.0,0.9748711613093161,0.1,1.0
clean_seed103,none,103,26,13,13,False,True,0.6085753801753374,3.0929151384743276,1.0,0.9949558152858419,0.1,1.0
clean_seed103,none,103,26,16,16,False,True,0.57549116635048,3.236381301273163,1.0,1.0428323436321882,0.1,1.0
clean_seed103,none,103,26,18,18,False,True,0.5863580964139963,3.1034531303477193,1.0,0.9983457680735663,0.1,1.0
clean_seed103,none,103,26,19,19,False,True,0.5795972993998565,3.158906132105471,1.0,1.0178681615054836,0.1,1.0
clean_seed103,none,103,26,2,2,False,True,0.5889649780302754,3.2872311580972458,1.0,1.059217271868042,0.1,1.0
clean_seed103,none,103,26,3,3,False,True,0.5993860322346409,2.9885764082917974,1.0,0.9613912259884267,0.1,1.0
clean_seed103,none,103,26,4,4,False,True,0.5526599744938981,3.199325165908785,1.0,1.0308920520253915,0.1,1.0
clean_seed103,none,103,26,6,6,False,True,0.592580568900613,3.108595468217612,0.9999999999999999,1.0016569729439788,0.1,1.0
clean_seed103,none,103,26,7,7,False,True,0.5912050980466668,3.0653656979989217,1.0,0.986093471903735,0.1,1.0
clean_seed103,none,103,27,0,0,False,True,0.5975252475872855,3.074866867029991,1.0,0.9905358205118269,0.1,1.0
clean_seed103,none,103,27,10,10,False,True,0.5840881028948122,3.10424600842921,1.0,1.0072178333090414,0.1,1.0
clean_seed103,none,103,27,11,11,False,True,0.5750086577206597,3.155701615177737,1.0,1.023913354411468,0.1,1.0
clean_seed103,none,103,27,15,15,False,True,0.5962421480896533,3.082000641540214,1.0,0.9928338904749845,0.1,1.0
clean_seed103,none,103,27,16,16,False,True,0.569319534193437,3.1724784895812763,0.9999999999999999,1.0293568556805512,0.1,1.0
clean_seed103,none,103,27,19,19,False,True,0.5837952623501402,3.1355213200016587,1.0,1.0173655636991359,0.1,1.0
clean_seed103,none,103,27,4,4,False,True,0.5958396280452224,3.1915046746039537,0.9999999999999999,1.0355301785430568,0.1,1.0
clean_seed103,none,103,27,6,6,False,True,0.5867099116908527,3.0183436086566053,0.9999999999999999,0.9723274510011942,0.1,1.0
clean_seed103,none,103,27,7,7,False,True,0.5859998498201126,3.046637322012018,1.0,0.9814419713319232,0.1,1.0
clean_seed103,none,103,27,8,8,False,True,0.6041853048823065,3.0303509463293867,1.0,0.9761954877612244,0.1,1.0
clean_seed103,none,103,28,0,0,False,True,0.5918820793080674,3.0661590839207946,1.0,0.9963361814067836,0.1,1.0
clean_seed103,none,103,28,1,1,False,True,0.5925067593449695,3.004929257822828,0.9999999999999999,0.9764397933026674,0.1,1.0
clean_seed103,none,103,28,11,11,False,True,0.5785694797252181,3.1862901433047557,1.0,1.039179656402676,0.1,1.0
clean_seed103,none,103,28,12,12,False,True,0.6094375831154177,2.9652113260862185,0.9999999999999999,0.9635336095865811,0.1,1.0
clean_seed103,none,103,28,18,18,False,True,0.5832518587464715,3.1427654794738995,1.0,1.024984481710305,0.1,1.0
clean_seed103,none,103,28,19,19,False,True,0.599125679188526,3.077434244726023,1.0,1.0036772915222685,0.1,1.0
clean_seed103,none,103,28,5,5,False,True,0.5927470461398003,3.182686591853343,0.9999999999999999,1.0380043907518135,0.1,1.0
clean_seed103,none,103,28,6,6,False,True,0.5877718694406334,3.0603577294012227,1.0000000000000002,0.9944510543632037,0.1,1.0
clean_seed103,none,103,28,7,7,False,True,0.5771860560152584,3.173919567254817,0.9999999999999999,1.0351451051248866,0.1,1.0
clean_seed103,none,103,28,8,8,False,True,0.6051794882351015,3.0322362452712484,0.9999999999999999,0.9853130901067235,0.1,1.0
clean_seed103,none,103,29,0,0,False,True,0.578176030001851,3.0991238727591623,1.0,1.0145619265338444,0.1,1.0
clean_seed103,none,103,29,1,1,False,True,0.6058346973784733,2.948868700903951,0.9999999999999999,0.9548065755836124,0.1,1.0
clean_seed103,none,103,29,12,12,False,True,0.6033689974732551,3.0546423946215175,0.9999999999999999,0.9890547665099636,0.1,1.0
clean_seed103,none,103,29,14,14,False,True,0.5905057466140922,3.1456340823034417,1.0,1.0297880000101283,0.1,1.0
clean_seed103,none,103,29,15,15,False,True,0.5908938857858725,3.1155458488491328,0.9999999999999999,1.0199379980893513,0.1,1.0
clean_seed103,none,103,29,17,17,False,True,0.5987754354641588,3.032942380795396,0.9999999999999999,0.9820285751149093,0.1,1.0
clean_seed103,none,103,29,2,2,False,True,0.5976208144600225,3.0884461589526606,0.9999999999999999,1.011066357355173,0.1,1.0
clean_seed103,none,103,29,3,3,False,True,0.5954771094168151,3.0304278602977,0.9999999999999999,0.9812144050215091,0.1,1.0
clean_seed103,none,103,29,7,7,False,True,0.5732846669280677,3.114665974633217,1.0,1.019649953172059,0.1,1.0
clean_seed103,none,103,29,8,8,False,True,0.5950158582050238,3.0522611971489386,0.9999999999999998,0.9882837647343048,0.1,1.0
clean_seed103,none,103,30,10,10,False,True,0.5864995778883124,3.1271818749408493,1.0,0.9891876980375542,0.1,1.0
clean_seed103,none,103,30,12,12,False,True,0.6195082200728889,2.926047509051585,0.9999999999999999,0.925565034455185,0.1,1.0
clean_seed103,none,103,30,13,13,False,True,0.6114002035604044,3.1613634916253543,1.0,1.0109304856741508,0.1,1.0
clean_seed103,none,103,30,16,16,False,True,0.573001978214966,3.2513351847367793,1.0,1.0397013396600985,0.1,1.0
clean_seed103,none,103,30,17,17,False,True,0.5955964157435067,3.218238315979571,0.9999999999999999,1.029117731133065,0.1,1.0
clean_seed103,none,103,30,18,18,False,True,0.5883564760926682,3.2043605314410235,0.9999999999999999,1.024679938547429,0.1,1.0
clean_seed103,none,103,30,19,19,False,True,0.611070871826759,3.117312603168128,1.0,0.9860658577939804,0.1,1.0
clean_seed103,none,103,30,5,5,False,True,0.5961110907319978,3.1788084573220066,1.0,1.0165089797925917,0.1,1.0
clean_seed103,none,103,30,6,6,False,True,0.6102214435388154,3.0481768790167325,1.0,0.9641969001956086,0.1,1.0
clean_seed103,none,103,30,7,7,False,True,0.5770876260107414,3.049126422528,1.0,0.9644972590482944,0.1,1.0
clean_seed103,none,103,31,0,0,False,True,0.5809774923542135,3.0658023854585,1.0,0.9489944025190128,0.1,1.0
clean_seed103,none,103,31,11,11,False,True,0.5858090902100538,3.2559235480547573,0.9999999999999999,1.0146096149443273,0.1,1.0
clean_seed103,none,103,31,14,14,False,True,0.5798984615756633,3.332593847197229,1.0,1.0385015833958242,0.1,1.0
clean_seed103,none,103,31,16,16,False,True,0.5656011563733995,3.3344452370738322,1.0,1.0390785127807092,0.1,1.0
clean_seed103,none,103,31,17,17,False,True,0.5999651452361598,3.2305800511790452,1.0,1.0067120844197635,0.1,1.0
clean_seed103,none,103,31,2,2,False,True,0.6038710578071617,3.284222590622342,1.0,1.0234281514544812,0.1,1.0
clean_seed103,none,103,31,3,3,False,True,0.5983290297069104,3.0072971280266367,1.0,0.9308845719297628,0.1,1.0
clean_seed103,none,103,31,5,5,False,True,0.604166161317006,3.162600696853113,1.0,0.9789575391264109,0.1,1.0
clean_seed103,none,103,31,6,6,False,True,0.6017004382746419,3.0494530389216425,1.0,0.9439335941570933,0.1,1.0
clean_seed103,none,103,31,9,9,False,True,0.5966604824826242,3.209040699100228,1.0,0.9933326672803058,0.1,1.0
clean_seed103,none,103,32,10,10,False,True,0.560493096476388,3.080371324615009,1.0,0.9848263574193599,0.1,1.0
clean_seed103,none,103,32,13,13,False,True,0.606135631085611,3.1259722557580343,1.0,0.9994054435683746,0.1,1.0
clean_seed103,none,103,32,16,16,False,True,0.5618734764199642,3.276288721906703,1.0,1.0480863084666814,0.1,1.0
clean_seed103,none,103,32,18,18,False,True,0.5883419737554467,3.127831928348077,0.9999999999999999,1.000594910139275,0.1,1.0
clean_seed103,none,103,32,19,19,False,True,0.6110857713861365,3.1156051868551993,1.0,0.9960909851382791,0.1,1.0
clean_seed103,none,103,32,2,2,False,True,0.6025349214078191,3.1765815151462524,1.0,1.0161899259646325,0.1,1.0
clean_seed103,none,103,32,3,3,False,True,0.6040223427972885,3.02027900884746,0.9999999999999999,0.9656142267345484,0.1,1.0
clean_seed103,none,103,32,4,4,False,True,0.6016780878810327,3.2360209146932126,1.0,1.0352046179336585,0.1,1.0
clean_seed103,none,103,32,7,7,False,True,0.5794211992666921,3.1076941727493206,1.0,0.993561752658049,0.1,1.0
clean_seed103,none,103,32,9,9,False,True,0.6048617643567468,3.1718856375076725,1.0,1.0146877124917106,0.1,1.0
clean_seed103,none,103,33,0,0,False,True,0.5888781545782594,3.0356087855742735,1.0,0.9865930279888909,0.1,1.0
clean_seed103,none,103,33,10,10,False,True,0.5825796581639641,3.048529692575133,1.0,0.9907924086280958,0.1,1.0
clean_seed103,none,103,33,11,11,False,True,0.6016309236095959,3.1395522829759486,0.9999999999999999,1.0223542234065943,0.1,1.0
clean_seed103,none,103,33,13,13,False,True,0.6118142844399851,3.1257263572962484,1.0,1.017851991165458,0.1,1.0
clean_seed103,none,103,33,15,15,False,True,0.604540518552245,3.070144437407558,0.9999999999999999,0.9978173443361388,0.1,1.0
clean_seed103,none,103,33,17,17,False,True,0.5884045685138081,3.1023563362203594,1.0,1.0102418488284148,0.1,1.0
clean_seed103,none,103,33,19,19,False,True,0.6032536975162908,3.0536043564210904,0.9999999999999999,0.99244170810094,0.1,1.0
clean_seed103,none,103,33,4,4,False,True,0.5952383524410351,3.2198732804314774,1.0,1.048509707875562,0.1,1.0
clean_seed103,none,103,33,7,7,False,True,0.5811470112503877,3.076860163670703,0.9999999999999999,1.0019393530145413,0.1,1.0
clean_seed103,none,103,33,8,8,False,True,0.5868682996577508,3.0709045955858847,1.0,0.9980644007956107,0.1,1.0
clean_seed103,none,103,34,1,1,False,True,0.609306792046654,3.048336067239137,1.0,0.9650489101512022,0.1,1.0
clean_seed103,none,103,34,11,11,False,True,0.5906412929724266,3.1587373812603228,1.0,1.0259566427267122,0.1,1.0
clean_seed103,none,103,34,12,12,False,True,0.6177585648257754,3.0287104986704056,1.0,0.9588358046600136,0.1,1.0
clean_seed103,none,103,34,16,16,False,True,0.5596223059336143,3.2222870250107865,0.9999999999999999,1.04659754169334,0.1,1.0
clean_seed103,none,103,34,4,4,False,True,0.6083891422196834,3.2000916558991146,1.0,1.0393884946503706,0.1,1.0
clean_seed103,none,103,34,5,5,False,True,0.6080172196965048,3.2058024316147247,1.0,1.0412433523271474,0.1,1.0
clean_seed103,none,103,34,6,6,False,True,0.6012604282771922,3.078821511272896,0.9999999999999999,0.9747000588078201,0.1,1.0
clean_seed103,none,103,34,7,7,False,True,0.5773744641787009,2.9542857960362263,0.9999999999999999,0.9352742692580156,0.1,1.0
clean_seed103,none,103,34,8,8,False,True,0.5836996472040733,2.9882826574908385,1.0,0.9460370701341834,0.1,1.0
clean_seed103,none,103,34,9,9,False,True,0.6034493712942002,3.208803683488356,1.0,1.0422181577397518,0.1,1.0
clean_seed103,none,103,35,0,0,False,True,0.5957484273615163,3.06738879257252,1.0,0.996409911851872,0.1,1.0
clean_seed103,none,103,35,1,1,False,True,0.624879082664772,3.006184018067781,0.9999999999999999,0.9765281661413666,0.1,1.0
clean_seed103,none,103,35,11,11,False,True,0.5896533759421647,3.11389444107672,1.0,1.0151613152583756,0.1,1.0
clean_seed103,none,103,35,12,12,False,True,0.6266829224902213,3.0008525038837717,1.0,0.9747962782271287,0.1,1.0
clean_seed103,none,103,35,13,13,False,True,0.6111417071826525,3.04619671039337,1.0,0.989525880460998,0.1,1.0
clean_seed103,none,103,35,16,16,False,True,0.5648700991346823,3.195333013171362,0.9999999999999999,1.041711119538759,0.1,1.0
clean_seed103,none,103,35,18,18,False,True,0.6096526633293579,3.2336080456348064,0.9999999999999999,1.0541891701061097,0.1,1.0
clean_seed103,none,103,35,19,19,False,True,0.601943466893194,3.0784406659219616,0.9999999999999999,1.0036030233194446,0.1,1.0
clean_seed103,none,103,35,2,2,False,True,0.5851243494542364,3.1579001941854825,0.9999999999999999,1.0295076391464069,0.1,1.0
clean_seed103,none,103,35,7,7,False,True,0.5768264989516403,2.9815011455938754,1.0,0.9685101871862605,0.1,1.0
clean_seed103,none,103,36,1,1,False,True,0.6152879681866319,3.0378465487899002,1.0,0.9632277866239202,0.1,1.0
clean_seed103,none,103,36,12,12,False,True,0.6237267245276132,2.9577951395175797,0.9999999999999999,0.937845417721772,0.1,1.0
clean_seed103,none,103,36,13,13,False,True,0.6159023899167416,3.1269273784652576,0.9999999999999999,0.9914731667050821,0.1,1.0
clean_seed103,none,103,36,14,14,False,True,0.5796299571454153,3.287765010459672,1.0,1.0514363183174904,0.1,1.0
clean_seed103,none,103,36,15,15,False,True,0.594654502843951,3.2177571868233508,0.9999999999999999,1.0290476232302759,0.1,1.0
clean_seed103,none,103,36,16,16,False,True,0.5714730066398591,3.2114867029844847,1.0,1.0270423052040083,0.1,1.0
clean_seed103,none,103,36,19,19,False,True,0.601502491418899,3.1538194713396366,1.0,1.008600165472208,0.1,1.0
clean_seed103,none,103,36,4,4,False,True,0.6137154047843255,3.2531382576916075,1.0,1.0403625872783449,0.1,1.0
clean_seed103,none,103,36,6,6,False,True,0.6023380940724963,3.1044029977889562,1.0,0.9843312294822982,0.1,1.0
clean_seed103,none,103,36,7,7,False,True,0.5728300322227093,3.021011909002842,1.0,0.9578899288485963,0.1,1.0
clean_seed103,none,103,37,11,11,False,True,0.585041876580238,3.121202487184355,1.0,0.9705171854268169,0.1,1.0
clean_seed103,none,103,37,14,14,False,True,0.5882161054542813,3.237183386068681,0.9999999999999999,1.0073806051948224,0.1,1.0
clean_seed103,none,103,37,15,15,False,True,0.5874992901382021,3.2134660617598705,1.0,0.9992059312169768,0.1,1.0
clean_seed103,none,103,37,16,16,False,True,0.6016657604238212,3.0670476609440573,1.0,0.9536781018505941,0.1,1.0
clean_seed103,none,103,37,18,18,False,True,0.5990416812648539,3.2533699884377105,1.0,1.0124177215227805,0.1,1.0
clean_seed103,none,103,37,19,19,False,True,0.59770217252457,3.077120451690727,1.0,0.9568101692396822,0.1,1.0
clean_seed103,none,103,37,4,4,False,True,0.6170803114502009,3.2468928010969114,1.0,1.0104020825783155,0.1,1.0
clean_seed103,none,103,37,5,5,False,True,0.6137583660794307,3.2306558278016557,1.0,1.005349291298372,0.1,1.0
clean_seed103,none,103,37,6,6,False,True,0.5949786609089236,3.0485252635889686,1.0,0.947918685400611,0.1,1.0
clean_seed103,none,103,37,9,9,False,True,0.5932950743946231,3.216019802690772,0.9999999999999999,1.0007946998293495,0.1,1.0
clean_seed103,none,103,38,1,1,False,True,0.6160473727251289,2.9714120058434177,1.0,0.966113314415595,0.1,1.0
clean_seed103,none,103,38,10,10,False,True,0.5729701243113943,3.075635084939114,1.0,1.0074266937034002,0.1,1.0
clean_seed103,none,103,38,11,11,False,True,0.594964801996643,3.0316669707475183,1.0,0.9857043787779309,0.1,1.0
clean_seed103,none,103,38,12,12,False,True,0.6076777833259762,2.8893249138073536,1.0,0.9394238373583098,0.1,1.0
clean_seed103,none,103,38,13,13,False,True,0.630214237031419,3.0529616737003216,1.0,0.9926280554706179,0.1,1.0
clean_seed103,none,103,38,17,17,False,True,0.5893696845666493,3.2016330249230758,1.0,1.0486974181508666,0.1,1.0
clean_seed103,none,103,38,19,19,False,True,0.5928706056693861,3.00959195640843,1.0,0.978526994683444,0.1,1.0
clean_seed103,none,103,38,2,2,False,True,0.5889443251637065,3.156461844506211,0.9999999999999999,1.0339015624393486,0.1,1.0
clean_seed103,none,103,38,8,8,False,True,0.5820256173879934,3.104648492494347,1.0,1.0169300581921092,0.1,1.0
clean_seed103,none,103,38,9,9,False,True,0.6080793053789356,3.1755003373041446,1.0,1.0401376357454566,0.1,1.0
clean_seed103,none,103,39,10,10,False,True,0.5692316076562975,3.089061129068241,0.9999999999999999,1.0005571375577287,0.1,1.0
clean_seed103,none,103,39,11,11,False,True,0.596209757539144,3.02666851739762,1.0,0.9798020793167533,0.1,1.0
clean_seed103,none,103,39,12,12,False,True,0.6035040581744966,2.9447653685643687,0.9999999999999999,0.9532881498698614,0.1,1.0
clean_seed103,none,103,39,13,13,False,True,0.6146189837648605,3.1452369688947828,1.0,1.0187526782570802,0.1,1.0
clean_seed103,none,103,39,18,18,False,True,0.6097289637962972,3.1315670298310425,1.0,1.0143249396890415,0.1,1.0
clean_seed103,none,103,39,19,19,False,True,0.5983786323556712,3.0937658715614127,0.9999999999999999,1.0020810192438556,0.1,1.0
clean_seed103,none,103,39,2,2,False,True,0.5881183036619415,3.2294817499274817,1.0,1.0460398420399737,0.1,1.0
clean_seed103,none,103,39,3,3,False,True,0.6146313327242211,2.976738550623124,1.0,0.9636386028789928,0.1,1.0
clean_seed103,none,103,39,6,6,False,True,0.6006144752378547,3.087341055412753,1.0000000000000002,0.9994431726716891,0.1,1.0
clean_seed103,none,103,39,8,8,False,True,0.5931082775604154,3.0455243913609404,1.0,0.9859061585743262,0.1,1.0
clean_seed103,none,103,40,0,0,False,True,0.5974759560901785,3.1043985117764854,0.9999999999999999,1.0182784023608287,0.1,1.0
clean_seed103,none,103,40,1,1,False,True,0.606000147138932,2.9041775684578264,1.0,0.952592600840284,0.1,1.0
clean_seed103,none,103,40,13,13,False,True,0.6044451232878966,3.048708929605421,1.0,1.0000115791594342,0.1,1.0
clean_seed103,none,103,40,16,16,False,True,0.5900166807832026,3.1379620392386305,0.9999999999999999,1.0292876252399459,0.1,1.0
clean_seed103,none,103,40,18,18,False,True,0.5927276274077431,3.177931644036185,0.9999999999999999,1.0423981151341564,0.1,1.0
clean_seed103,none,103,40,19,19,False,True,0.6014392153869397,2.9874457380695953,1.0,0.9799052015294374,0.1,1.0
clean_seed103,none,103,40,6,6,False,True,0.6181188168305425,2.92532999485848,0.9999999999999999,0.9595307595458419,0.1,1.0
clean_seed103,none,103,40,7,7,False,True,0.5835982660019567,3.0486736285274136,0.9999999999999999,0.9999884209746412,0.1,1.0
clean_seed103,none,103,40,8,8,False,True,0.5943099585187063,3.038175551233676,0.9999999999999999,0.9965449708007683,0.1,1.0
clean_seed103,none,103,40,9,9,False,True,0.600678570189861,3.17956113985163,1.0,1.0429326084955306,0.1,1.0
clean_seed103,none,103,41,0,0,False,True,0.6132513909428217,3.1445541346838897,1.0,1.0057095014874755,0.1,1.0
clean_seed103,none,103,41,10,10,False,True,0.5823202268827904,3.126702223686857,0.9999999999999999,0.9943229118557289,0.1,1.0
clean_seed103,none,103,41,11,11,False,True,0.588995613686822,3.096302152813616,1.0,0.9846553820339543,0.1,1.0
clean_seed103,none,103,41,13,13,False,True,0.597088090542423,2.9293234276454476,1.0,0.9315544596086025,0.1,1.0
clean_seed103,none,103,41,15,15,False,True,0.5903169729317084,3.1822952491576975,0.9999999999999999,1.0177800831334964,0.1,1.0
clean_seed103,none,103,41,2,2,False,True,0.5904733824877479,3.2397124875206926,1.0,1.0361435965912287,0.1,1.0
clean_seed103,none,103,41,3,3,False,True,0.611541882582906,3.169194854918399,1.0,1.0135902392334109,0.1,1.0
clean_seed103,none,103,41,5,5,False,True,0.5984378257113688,3.351062486198914,1.0,1.0717561975721186,0.1,1.0
clean_seed103,none,103,41,7,7,False,True,0.5807803742901422,3.0376323283811235,1.0,0.965997784829513,0.1,1.0
clean_seed103,none,103,41,8,8,False,True,0.5939299323948003,3.0823064135246234,0.9999999999999999,0.9802045954710448,0.1,1.0
clean_seed103,none,103,42,1,1,False,True,0.5931243628131352,2.934364448724448,0.9999999999999999,0.9467296270423945,0.1,1.0
clean_seed103,none,103,42,12,12,False,True,0.6193863817101922,2.939098143463472,1.0,0.9482568841820989,0.1,1.0
clean_seed103,none,103,42,13,13,False,True,0.6058451789430829,3.058152301393802,1.0,0.9866679610966325,0.1,1.0
clean_seed103,none,103,42,15,15,False,True,0.5827825398084593,3.1124696060656016,1.0,1.0177614779509325,0.1,1.0
clean_seed103,none,103,42,18,18,False,True,0.5960099436384081,3.230170386401136,1.0,1.0562490249190448,0.1,1.0
clean_seed103,none,103,42,2,2,False,True,0.5776752132992808,3.0994746175753165,1.0,1.013512183864316,0.1,1.0
clean_seed103,none,103,42,3,3,False,True,0.6126565858463116,3.1263872252241214,0.9999999999999999,1.0223124674985022,0.1,1.0
clean_seed103,none,103,42,6,6,False,True,0.6097627389730617,3.0316174799588294,1.0,0.9781068903640285,0.1,1.0
clean_seed103,none,103,42,8,8,False,True,0.5915102815074673,2.999621263292161,1.0,0.9677837806068985,0.1,1.0
clean_seed103,none,103,42,9,9,False,True,0.5879232339640136,3.183315270793228,1.0,1.0409276442322317,0.1,1.0
clean_seed103,none,103,43,1,1,False,True,0.5916698164737801,2.9795531277798815,1.0,0.9534334672037218,0.1,1.0
clean_seed103,none,103,43,10,10,False,True,0.5916573798085505,3.1615029325917616,0.9999999999999999,1.0275703935288456,0.1,1.0
clean_seed103,none,103,43,12,12,False,True,0.6148357436600477,3.0766777171680095,1.0,0.9845125686796066,0.1,1.0
clean_seed103,none,103,43,13,13,False,True,0.6060020408434316,2.9975993518772888,1.0,0.9592081163786962,0.1,1.0
clean_seed103,none,103,43,17,17,False,True,0.5854646180645972,3.2001986040433086,1.0,1.0401474896723977,0.1,1.0
clean_seed103,none,103,43,18,18,False,True,0.5974761241055442,3.1250771346620194,1.0,1.015731065110895,0.1,1.0
clean_seed103,none,103,43,2,2,False,True,0.5856480228688338,3.1361915238924487,1.0,1.0193435296756463,0.1,1.0
clean_seed103,none,103,43,3,3,False,True,0.6200420082501347,3.055033445025732,0.9999999999999999,0.9775865725490764,0.1,1.0
clean_seed103,none,103,43,6,6,False,True,0.5916691435798873,3.013283670571148,1.0,0.9642269744797957,0.1,1.0
clean_seed103,none,103,43,9,9,False,True,0.5936323679422177,3.1818284499811815,0.9999999999999999,1.0341767134810467,0.1,1.0
clean_seed103,none,103,44,0,0,False,True,0.618027046452644,3.192920435403327,1.0,1.0298966905250004,0.1,1.0
clean_seed103,none,103,44,1,1,False,True,0.585991396649278,2.957888661457684,1.0,0.9356932316330173,0.1,1.0
clean_seed103,none,103,44,11,11,False,True,0.5913661388359428,3.1002337076893633,1.0,0.980722410063903,0.1,1.0
clean_seed103,none,103,44,12,12,False,True,0.6211784516266096,2.8880422023150825,1.0,0.9135981271333583,0.1,1.0
clean_seed103,none,103,44,16,16,False,True,0.5915000436180904,3.4152925106350165,1.0,1.1016242105116874,0.1,1.0
clean_seed103,none,103,44,17,17,False,True,0.5928207496650086,3.221315921187183,0.9999999999999999,1.03905583414486,0.1,1.0
clean_seed103,none,103,44,18,18,False,True,0.5882920855829586,3.161173514417148,1.0,1.0196565202735002,0.1,1.0
clean_seed103,none,103,44,2,2,False,True,0.5887121640237635,3.0737059105749696,0.9999999999999999,0.9723306539665523,0.1,1.0
clean_seed103,none,103,44,4,4,False,True,0.6132598654052334,3.4096553697747054,1.0,1.0998059150566288,0.1,1.0
clean_seed103,none,103,44,8,8,False,True,0.5837141239345037,3.0495673355204054,0.9999999999999999,0.9646947001207808,0.1,1.0
clean_seed103,none,103,45,11,11,False,True,0.5977229871563814,3.029303149758305,1.0,0.9827032464302723,0.1,1.0
clean_seed103,none,103,45,12,12,False,True,0.6186114476667182,2.833532777211455,1.0,0.9191955117646272,0.1,1.0
clean_seed103,none,103,45,13,13,False,True,0.6117598677878853,2.98671188303907,1.0,0.9688866774025375,0.1,1.0
clean_seed103,none,103,45,16,16,False,True,0.5960662037607423,3.2359940164465173,1.0,1.0682304993822436,0.1,1.0
clean_seed103,none,103,45,18,18,False,True,0.5897323883880559,3.0826225116915285,1.0,1.0176011971391763,0.1,1.0
clean_seed103,none,103,45,19,19,False,True,0.6017160506421189,3.1726831053282964,1.0,1.0473310027031897,0.1,1.0
clean_seed103,none,103,45,2,2,False,True,0.5899680693234943,3.0270365663050662,1.0,0.9819679687747559,0.1,1.0
clean_seed103,none,103,45,3,3,False,True,0.6247016107804305,2.985531486386179,1.0,0.9685037577786089,0.1,1.0
clean_seed103,none,103,45,4,4,False,True,0.611729304556688,3.2609354965991675,1.0,1.0764639045317546,0.1,1.0
clean_seed103,none,103,45,5,5,False,True,0.6001330936822539,3.316316360028026,1.0,1.0947456217092768,0.1,1.0
clean_seed103,none,103,46,10,10,False,True,0.5799112035334906,3.1444684541451178,1.0,1.0366899118587258,0.1,1.0
clean_seed103,none,103,46,11,11,False,True,0.5935439849647711,3.0331812996108596,0.9999999999999998,0.964608595647523,0.1,1.0
clean_seed103,none,103,46,12,12,False,True,0.6145472202283698,2.7939520958206763,1.0,0.8885292177562214,0.1,1.0
clean_seed103,none,103,46,13,13,False,True,0.6081367321538717,2.8504022458086986,0.9999999999999999,0.9064814251996156,0.1,1.0
clean_seed103,none,103,46,16,16,False,True,0.5949578567605769,3.2102395090782303,1.0,1.0583737640378061,0.1,1.0
clean_seed103,none,103,46,18,18,False,True,0.5868648303225024,3.194544110643796,1.0,1.0531991975071318,0.1,1.0
clean_seed103,none,103,46,2,2,False,True,0.6058187753284411,3.0206407293630666,1.0,0.960620458882703,0.1,1.0
clean_seed103,none,103,46,3,3,False,True,0.6146382469026201,2.998882503629925,1.0,0.9537009346291015,0.1,1.0
clean_seed103,none,103,46,5,5,False,True,0.6056233856129231,3.2726177796170055,0.9999999999999999,1.0789390598039308,0.09941535239947277,0.9941535239947277
clean_seed103,none,103,46,9,9,False,True,0.5960122824255677,3.1567884943614524,0.9999999999999999,1.0407516671576642,0.1,1.0
clean_seed103,none,103,47,1,1,False,True,0.5910055589718217,3.0183822685496664,1.0,0.9687898262726196,0.1,1.0
clean_seed103,none,103,47,10,10,False,True,0.5922867609753428,3.115621352221227,0.9999999999999999,1.0054503238665766,0.1,1.0
clean_seed103,none,103,47,11,11,False,True,0.5854150540649727,2.9935664565960782,1.0,0.960824862258011,0.1,1.0
clean_seed103,none,103,47,14,14,False,True,0.5966976264253705,3.320888783982801,1.0,1.0716927141996626,0.1,1.0
clean_seed103,none,103,47,15,15,False,True,0.5804901067494361,3.2807480408723118,1.0,1.058738789894351,0.1,1.0
clean_seed103,none,103,47,16,16,False,True,0.5933528358733423,3.210911623155546,1.0,1.0362016966879048,0.1,1.0
clean_seed103,none,103,47,18,18,False,True,0.594602809164623,3.0987322578401892,1.0,0.9945792211338529,0.1,1.0
clean_seed103,none,103,47,3,3,False,True,0.5927321936553152,2.9088438463043693,1.0,0.933632016686033,0.1,1.0
clean_seed103,none,103,47,7,7,False,True,0.5871309188245165,3.1183743418308514,1.0,1.0063387483513508,0.1,1.0
clean_seed103,none,103,47,8,8,False,True,0.5754349538736463,3.0136005633058884,0.9999999999999999,0.9672550745479375,0.1,1.0
clean_seed103,none,103,48,11,11,False,True,0.5942557458086231,3.119903955795326,0.9999999999999999,1.0134325029160143,0.1,1.0
clean_seed103,none,103,48,12,12,False,True,0.6090855191197465,2.8669480334967874,1.0,0.9189218880188076,0.1,1.0
clean_seed103,none,103,48,17,17,False,True,0.6009932873896243,3.2065356047570512,1.0,1.0415728976470573,0.1,1.0
clean_seed103,none,103,48,19,19,False,True,0.600294834190387,3.0785513063950742,0.9999999999999999,0.9867455376876465,0.1,1.0
clean_seed103,none,103,48,3,3,False,True,0.5895252595456081,3.053006362536492,0.9999999999999999,0.9785578036354069,0.1,1.0
clean_seed103,none,103,48,4,4,False,True,0.614128804045065,3.171605345793602,1.0,1.0302265676733167,0.1,1.0
clean_seed103,none,103,48,5,5,False,True,0.6034950634082904,3.1933618786090285,0.9999999999999999,1.0372937010909833,0.1,1.0
clean_seed103,none,103,48,6,6,False,True,0.5928800478314129,3.0709270823903756,1.0,0.9843018009211553,0.1,1.0
clean_seed103,none,103,48,7,7,False,True,0.576100675508884,3.0718435387211076,1.0,0.9845955459670659,0.1,1.0
clean_seed103,none,103,48,9,9,False,True,0.6006541442495568,3.122063557531143,1.0,1.0141340022645329,0.1,1.0
clean_seed103,none,103,49,11,11,False,True,0.6012461800109968,2.8857194803302337,1.0,0.9367448904736159,0.1,1.0
clean_seed103,none,103,49,12,12,False,True,0.6165026556468123,2.6920265573091635,1.0,0.8738694595117251,0.1,1.0
clean_seed103,none,103,49,14,14,False,True,0.5972768113990087,3.3445402907118758,0.9999999999999999,1.0876350345056105,0.1,1.0
clean_seed103,none,103,49,15,15,False,True,0.5829964237882233,3.0750575189334093,1.0,0.99820666506493,0.1,1.0
clean_seed103,none,103,49,16,16,False,True,0.5813605601411486,3.080582034315897,0.9999999999999999,1.001796556763076,0.1,1.0
clean_seed103,none,103,49,17,17,False,True,0.6054907821683044,3.2207583981839236,0.9999999999999999,1.0473815134687467,0.1,1.0
clean_seed103,none,103,49,4,4,False,True,0.6155965606347246,3.2184931348802284,0.9999999999999999,1.0466448562551018,0.1,1.0
clean_seed103,none,103,49,6,6,False,True,0.5847127385493802,2.946594914684661,1.0,0.9565059076048951,0.1,1.0
clean_seed103,none,103,49,7,7,False,True,0.5812743338224378,3.1684402025682123,0.9999999999999999,1.030367784361703,0.1,1.0
clean_seed103,none,103,49,8,8,False,True,0.5803008521695636,2.9948567267733335,1.0,0.9721723665892895,0.1,1.0
clean_seed103,none,103,50,10,10,False,True,0.6075023019039937,3.044524644915073,0.9999999999999999,0.9960799617768481,0.1,1.0
clean_seed103,none,103,50,11,11,False,True,0.6126301862046682,2.853795480721872,0.9999999999999999,0.9336789236060458,0.1,1.0
clean_seed103,none,103,50,13,13,False,True,0.6030700831423556,3.056506266308305,0.9999999999999999,1.0039354653979378,0.1,1.0
clean_seed103,none,103,50,14,14,False,True,0.6162886352052409,3.3481921005994177,1.0,1.099742157184218,0.1,1.0
clean_seed103,none,103,50,16,16,False,True,0.5866615125210998,3.131601234509634,1.0,1.0286010460582065,0.1,1.0
clean_seed103,none,103,50,17,17,False,True,0.5954605418173371,3.273540252778987,0.9999999999999998,1.0752221231798578,0.1,1.0
clean_seed103,none,103,50,19,19,False,True,0.5922315582623825,3.220410851076788,1.0,1.0577713195573824,0.1,1.0
clean_seed103,none,103,50,6,6,False,True,0.5870602422238892,2.927988666655216,1.0,0.957952777303377,0.1,1.0
clean_seed103,none,103,50,7,7,False,True,0.5973062089549348,2.967182772617218,1.0,0.970775949430991,0.1,1.0
clean_seed103,none,103,50,8,8,False,True,0.5859853853263322,2.9518812842154802,1.0,0.9657697472286905,0.1,1.0
clean_seed103,none,103,51,0,0,False,True,0.6100541307263255,3.186782265593428,1.0,1.0510881805870007,0.1,1.0
clean_seed103,none,103,51,1,1,False,True,0.5850662963592419,3.0403453393870428,1.0,1.002789266664069,0.1,1.0
clean_seed103,none,103,51,11,11,False,True,0.6283053651499063,2.8189937440979613,0.9999999999999999,0.9271952457434629,0.1,1.0
clean_seed103,none,103,51,12,12,False,True,0.6027800639311659,2.705736415997878,1.0,0.8899437774208161,0.1,1.0
clean_seed103,none,103,51,14,14,False,True,0.6059519673216678,3.325675802457854,1.0,1.0968990778466972,0.1,1.0
clean_seed103,none,103,51,19,19,False,True,0.597622256738539,3.063699718265551,0.9999999999999999,1.0104921812526124,0.1,1.0
clean_seed103,none,103,51,2,2,False,True,0.6148232056513924,3.2110187316568912,0.9999999999999999,1.0590820317181386,0.1,1.0
clean_seed103,none,103,51,3,3,False,True,0.5897872525043596,2.925218965436449,0.9999999999999998,0.9621337837977958,0.1,1.0
clean_seed103,none,103,51,6,6,False,True,0.5915421235369599,2.8711464682414443,0.9999999999999999,0.944348798488888,0.1,1.0
clean_seed103,none,103,51,8,8,False,True,0.5790119380293456,3.0318885936037328,1.0,0.997218491704296,0.1,1.0
clean_seed103,none,103,52,12,12,False,True,0.5972623212781459,2.7805844152538643,1.0,0.925706777724808,0.1,1.0
clean_seed103,none,103,52,13,13,False,True,0.6075022764568713,3.0037420943248945,1.0,1.0068306560554323,0.1,1.0
clean_seed103,none,103,52,16,16,False,True,0.5894525880102517,3.0958100628044214,0.9999999999999998,1.037691112844006,0.1,1.0
clean_seed103,none,103,52,18,18,False,True,0.5924948544051086,3.151340144277416,0.9999999999999999,1.0563043581242513,0.1,1.0
clean_seed103,none,103,52,3,3,False,True,0.5951456269304689,2.9833637625745073,0.9999999999999999,0.9932156852650935,0.1,1.0
clean_seed103,none,103,52,4,4,False,True,0.6082959950259637,3.197888776794976,1.0,1.0719070925616336,0.1,1.0
clean_seed103,none,103,52,6,6,False,True,0.606117738332187,2.9798330196760716,0.9999999999999999,0.9920402371781534,0.1,1.0
clean_seed103,none,103,52,7,7,False,True,0.6032080405670134,2.9494874604009222,0.9999999999999999,0.98193765236154,0.1,1.0
clean_seed103,none,103,52,8,8,False,True,0.5872591067324584,2.9166370868443696,1.0,0.9710011696260155,0.1,1.0
clean_seed103,none,103,52,9,9,False,True,0.6042781558340107,3.235763037033231,1.0,1.0846022458357256,0.1,1.0
clean_seed103,none,103,53,1,1,False,True,0.5874222807411443,3.103318742204111,1.0,0.9495549035748829,0.1,1.0
clean_seed103,none,103,53,10,10,False,True,0.6044164271558442,3.268182524802664,1.0,1.0115011016901396,0.1,1.0
clean_seed103,none,103,53,13,13,False,True,0.6091966819324544,2.9731475724003538,1.0,0.9097250688530242,0.1,1.0
clean_seed103,none,103,53,14,14,False,True,0.610625894435601,3.400624066679253,1.0,1.0524917025825422,0.1,1.0
clean_seed103,none,103,53,15,15,False,True,0.5791699239471984,3.3306787933474595,1.0,1.030843670229331,0.1,1.0
clean_seed103,none,103,53,16,16,False,True,0.5886019571271062,3.1618982289672712,1.0,0.9674790820191996,0.1,1.0
clean_seed103,none,103,53,19,19,False,True,0.5961895474068903,3.2310222098046015,1.0,0.9886296696356315,0.1,1.0
clean_seed103,none,103,53,3,3,False,True,0.6005786438048732,3.0203100360659456,1.0,0.9241558612912278,0.1,1.0
clean_seed103,none,103,53,5,5,False,True,0.6030302597443341,3.3170881571285245,1.0,1.0266373740987462,0.1,1.0
clean_seed103,none,103,53,9,9,False,True,0.6055655882145012,3.3088578177355163,1.0,1.0240900875564152,0.1,1.0
clean_seed103,none,103,54,10,10,False,True,0.6026478432026262,3.079429425587699,1.0,1.0113661887002252,0.1,1.0
clean_seed103,none,103,54,12,12,False,True,0.6057099852466813,2.7123228985241705,0.9999999999999999,0.880787484846006,0.1,1.0
clean_seed103,none,103,54,14,14,False,True,0.6103261641231309,3.2146561611692994,1.0,1.0557782304372867,0.1,1.0
clean_seed103,none,103,54,17,17,False,True,0.5847510526076818,3.1681846197125325,1.0,1.0405157453237708,0.1,1.0
clean_seed103,none,103,54,18,18,False,True,0.6026764640072294,3.1399561975398047,1.0,1.031244783791537,0.1,1.0
clean_seed103,none,103,54,2,2,False,True,0.6138686133040815,3.2192470797474826,0.9999999999999999,1.057286009698753,0.1,1.0
clean_seed103,none,103,54,3,3,False,True,0.60870469521559,2.8189400478776756,0.9999999999999999,0.9154098562722184,0.1,1.0
clean_seed103,none,103,54,6,6,False,True,0.6039356152797484,2.848685103817909,0.9999999999999999,0.9250691313616473,0.1,1.0
clean_seed103,none,103,54,7,7,False,True,0.6023689505965295,3.044821410873228,1.0,0.9887615496471831,0.1,1.0
clean_seed103,none,103,54,8,8,False,True,0.5944393742591619,2.8861928537165498,0.9999999999999999,0.9372492286182948,0.1,1.0
clean_seed103,none,103,55,1,1,False,True,0.5827051016954257,2.9534151735386205,1.0,0.9829332303419485,0.1,1.0
clean_seed103,none,103,55,11,11,False,True,0.6226311128859312,3.020695040657741,1.0,1.0227803621116056,0.1,1.0
clean_seed103,none,103,55,12,12,False,True,0.598444965663655,2.627051140374477,0.9999999999999999,0.8743152289652235,0.1,1.0
clean_seed103,none,103,55,13,13,False,True,0.6063098400864125,3.004695621605111,1.0,1.0173631017155806,0.1,1.0
clean_seed103,none,103,55,18,18,False,True,0.6006037698571569,3.1382168805665205,0.9999999999999999,1.0625722074849642,0.1,1.0
clean_seed103,none,103,55,3,3,False,True,0.6243429375189385,2.778602583624266,0.9999999999999999,0.924753430478903,0.1,1.0
clean_seed103,none,103,55,5,5,False,True,0.5880463064931394,3.2306650728212896,1.0,1.0938743397022923,0.1,1.0
clean_seed103,none,103,55,6,6,False,True,0.6016273664799335,2.8106409722231853,0.9999999999999999,0.9354162038954676,0.1,1.0
clean_seed103,none,103,55,7,7,False,True,0.6113449319806761,2.9377051237392218,1.0,0.977704730760681,0.1,1.0
clean_seed103,none,103,55,9,9,False,True,0.6111169107604383,3.074410760476937,1.0,1.040968025092573,0.1,1.0
clean_seed103,none,103,56,1,1,False,True,0.5857207034053398,2.9173498379268046,1.0,0.977487241195848,0.1,1.0
clean_seed103,none,103,56,10,10,False,True,0.6005716517407117,3.209117876679708,0.9999999999999999,1.0940355205374048,0.1,1.0
clean_seed103,none,103,56,13,13,False,True,0.6121305075530342,2.9332849038606597,1.0,0.9828264444122258,0.1,1.0
clean_seed103,none,103,56,16,16,False,True,0.5807260284750833,3.268730386584519,1.0,1.1143583026259607,0.1,1.0
clean_seed103,none,103,56,19,19,False,True,0.5928591546379957,3.1983468944541897,1.0,1.0903635341540356,0.1,1.0
clean_seed103,none,103,56,3,3,False,True,0.6108858757147736,2.8078273916887926,1.0,0.9407906501903983,0.1,1.0
clean_seed103,none,103,56,5,5,False,True,0.6071538532832055,3.282742547140535,1.0,1.1191352544104851,0.09913966148619993,0.9913966148619993
clean_seed103,none,103,56,6,6,False,True,0.5928383350694106,2.895335890095262,1.0,0.9701112478014542,0.1,1.0
clean_seed103,none,103,56,7,7,False,True,0.6015177261302549,2.9128049775776548,1.0,0.9759644402802513,0.1,1.0
clean_seed103,none,103,56,8,8,False,True,0.5905403833330692,2.984540068633273,1.0,1.0174736401176556,0.1,1.0
clean_seed103,none,103,57,1,1,False,True,0.587562174159074,2.9620060714135907,0.9999999999999999,0.9583780302491643,0.1,1.0
clean_seed103,none,103,57,10,10,False,True,0.5956600022650407,2.9616696333111676,1.0,0.9582691733197296,0.1,1.0
clean_seed103,none,103,57,12,12,False,True,0.595214135273735,2.8289219864163226,1.0,0.9153177325448033,0.1,1.0
clean_seed103,none,103,57,17,17,False,True,0.5835706905462138,3.3787413956187486,1.0,1.140693609046613,0.09866214123328913,0.9866214123328912
clean_seed103,none,103,57,18,18,False,True,0.6114364017990815,3.0906447956069196,1.0,1.0434295950419632,0.1,1.0
clean_seed103,none,103,57,2,2,False,True,0.5955757974572762,3.175012249484667,1.0,1.0719128094053572,0.1,1.0
clean_seed103,none,103,57,5,5,False,True,0.5979214405489096,3.235360842890184,1.0,1.0922870395556403,0.09630354573373018,0.9630354573373017
clean_seed103,none,103,57,6,6,False,True,0.5814679463194159,2.827015131972335,0.9999999999999999,0.9147007562922433,0.1,1.0
clean_seed103,none,103,57,8,8,False,True,0.5773074940713808,2.9289652527971763,1.0,0.9476874395143834,0.1,1.0
clean_seed103,none,103,57,9,9,False,True,0.5983284417699513,3.2683888109220947,1.0,1.1034375798434084,0.1,1.0
clean_seed103,none,103,58,1,1,False,True,0.5907800648342963,2.846956374930765,1.0,0.9528366348262998,0.1,1.0
clean_seed103,none,103,58,10,10,False,True,0.5981208177844876,2.8196006829445484,1.0,0.9436810658386557,0.1,1.0
clean_seed103,none,103,58,11,11,False,True,0.6226453783255651,3.1407181239355912,1.0,1.103184492601145,0.1,1.0
clean_seed103,none,103,58,12,12,False,True,0.6131676680070042,2.6165000583938727,1.0,0.8757061164042121,0.1,1.0
clean_seed103,none,103,58,13,13,False,True,0.611512110018935,2.987874595575095,0.9999999999999999,1.0494978503658163,0.1,1.0
clean_seed103,none,103,58,14,14,False,True,0.607146038389384,3.271173700520708,1.0,1.1490073150840816,0.09476916896494281,0.9476916896494281
clean_seed103,none,103,58,16,16,False,True,0.5840720895213249,3.162846564108591,0.9999999999999999,1.1109571583040179,0.1,1.0
clean_seed103,none,103,58,5,5,False,True,0.5987139415451846,3.1504887536783057,0.9999999999999999,1.1066164488575707,0.09321363831324284,0.9321363831324283
clean_seed103,none,103,58,6,6,False,True,0.5799490876852894,2.7991218221395138,0.9999999999999999,0.9368270764391801,0.1,1.0
clean_seed103,none,103,58,8,8,False,True,0.5871805684879265,2.7335235140848955,1.0,0.9148722366504666,0.1,1.0
clean_seed103,none,103,59,1,1,False,True,0.5765733518353671,2.9054543996833377,1.0,0.9322133979192961,0.1,1.0
clean_seed103,none,103,59,10,10,False,True,0.6007406225568186,2.8613647908731488,0.9999999999999998,0.918067271913547,0.1,1.0
clean_seed103,none,103,59,15,15,False,True,0.5875125777234153,3.321823525507084,0.9999999999999999,1.0859948705173257,0.09938196603096472,0.9938196603096471
clean_seed103,none,103,59,16,16,False,True,0.5738086977257991,3.058783807997819,1.0,0.9814090517011542,0.1,1.0
clean_seed103,none,103,59,18,18,False,True,0.5969208430925999,3.116726713184259,1.0,1.0189431188418536,0.1,1.0
clean_seed103,none,103,59,2,2,False,True,0.5895512159151174,3.1570777174321902,1.0,1.0321349646148126,0.1,1.0
clean_seed103,none,103,59,4,4,False,True,0.5998873557872095,3.5081537109407686,1.0,1.1469112991143668,0.09828496472331111,0.982849647233111
clean_seed103,none,103,59,6,6,False,True,0.5878286530983713,2.768098347570298,1.0,0.8881427864242294,0.1,1.0
clean_seed103,none,103,59,8,8,False,True,0.5691780408716297,2.8728230177444263,0.9999999999999999,0.9217436375130098,0.1,1.0
clean_seed103,none,103,59,9,9,False,True,0.6013412613042103,3.130017045753314,1.0,1.023288091681812,0.1,1.0
clean_seed103,none,103,60,1,1,False,True,0.57866804988379,2.817510497994455,1.0,0.9417827600468139,0.1,1.0
clean_seed103,none,103,60,11,11,False,True,0.6068200003088157,2.9865035215536064,1.0,0.9982704701261491,0.1,1.0
clean_seed103,none,103,60,12,12,False,True,0.5946761848179923,2.7089161735811564,1.0,0.9054839556078689,0.1,1.0
clean_seed103,none,103,60,15,15,False,True,0.5974954576829531,3.2293965433783565,1.0,1.0813302311789657,0.0937852202970812,0.937852202970812
clean_seed103,none,103,60,19,19,False,True,0.6003371452558534,3.1667810310166438,1.0,1.0603640706136703,0.1,1.0
clean_seed103,none,103,60,2,2,False,True,0.5896792942519852,2.9916777175390243,1.0,1.0017325263298957,0.1,1.0
clean_seed103,none,103,60,4,4,False,True,0.5855392954307957,3.4103294414689285,1.0,1.1419137519365268,0.09256839433459167,0.9256839433459166
clean_seed103,none,103,60,5,5,False,True,0.6009411404359031,3.2047849352183815,1.0,1.0730892872181257,0.09129142964755645,0.9129142964755644
clean_seed103,none,103,60,6,6,False,True,0.5969907880822588,2.6565114688476075,1.0,0.8879671273658691,0.1,1.0
clean_seed103,none,103,60,8,8,False,True,0.5700204086359996,2.7616628028598917,1.0,0.9231150757547693,0.1,1.0
clean_seed104,none,104,1,10,10,False,False,,3.5172037136250003,1.0,0.9672470268435197,0.1,1.0
clean_seed104,none,104,1,11,11,False,False,,3.7378378198165674,0.9999999999999999,1.0287621828483902,0.1,1.0
clean_seed104,none,104,1,13,13,False,False,,3.6096251554394145,1.0,0.9926633439209998,0.1,1.0
clean_seed104,none,104,1,14,14,False,False,,3.794363236300891,1.0,1.0443196290651662,0.1,1.0
clean_seed104,none,104,1,16,16,False,False,,3.6333351693269003,0.9999999999999999,0.9991837056362594,0.1,1.0
clean_seed104,none,104,1,18,18,False,False,,3.6363034633488827,1.0,1.0008169612446,0.1,1.0
clean_seed104,none,104,1,19,19,False,False,,3.581303143334725,1.0,0.9848746617083756,0.1,1.0
clean_seed104,none,104,1,3,3,False,False,,3.674681719650921,1.0,1.0113797787424277,0.1,1.0
clean_seed104,none,104,1,7,7,False,False,,3.657854461464052,0.9999999999999999,1.006748425618464,0.1,1.0
clean_seed104,none,104,1,8,8,False,False,,3.6242964844853467,1.0,0.9966980261728546,0.1,1.0
clean_seed104,none,104,2,1,1,False,False,,3.2404389834531377,1.0,0.9766085781416103,0.1,1.0
clean_seed104,none,104,2,11,11,False,False,,3.2944867501101913,1.0,0.9928975787419013,0.1,1.0
clean_seed104,none,104,2,12,12,False,False,,3.2577965008852647,1.0,0.9818398139420739,0.1,1.0
clean_seed104,none,104,2,13,13,False,False,,3.400105840469717,1.0,1.0289216675561734,0.1,1.0
clean_seed104,none,104,2,16,16,False,False,,3.3045332289924683,1.0,0.9959254022888502,0.1,1.0
clean_seed104,none,104,2,17,17,False,False,,3.2164829302678886,1.0,0.9693886652969007,0.1,1.0
clean_seed104,none,104,2,2,2,False,False,,3.3180529599887123,0.9999999999999999,1.0040912679823062,0.1,1.0
clean_seed104,none,104,2,4,4,False,False,,3.35020333142231,1.0,1.0138204397610995,0.1,1.0
clean_seed104,none,104,2,5,5,False,False,,3.4349126513735437,1.0,1.0394547167016466,0.1,1.0
clean_seed104,none,104,2,8,8,False,False,,3.3579079221604955,1.0,1.0161519614025187,0.1,1.0
clean_seed104,none,104,3,10,10,False,False,,2.993120759367865,0.9999999999999998,1.003654975372632,0.1,1.0
clean_seed104,none,104,3,14,14,False,False,,2.95788082295338,0.9999999999999999,0.989043899802631,0.1,1.0
clean_seed104,none,104,3,15,15,False,False,,2.99064664727586,1.0,1.0028253546822543,0.1,1.0
clean_seed104,none,104,3,18,18,False,False,,3.0086801860246353,1.0,1.0088723712725927,0.1,1.0
clean_seed104,none,104,3,19,19,False,False,,2.9730208485319407,1.0,0.9941063586499013,0.1,1.0
clean_seed104,none,104,3,3,3,False,False,,2.9550027591403194,1.0,0.9880815447829625,0.1,1.0
clean_seed104,none,104,3,4,4,False,False,,3.029586101656135,1.0,1.0158825549321076,0.1,1.0
clean_seed104,none,104,3,6,6,False,False,,2.9376277840209144,1.0,0.9822717727942752,0.1,1.0
clean_seed104,none,104,3,8,8,False,False,,3.0157315724067164,0.9999999999999999,1.0112368462118348,0.1,1.0
clean_seed104,none,104,3,9,9,False,False,,2.982220815730619,1.0,0.9971826054566105,0.1,1.0
clean_seed104,none,104,4,11,11,False,False,,2.9392435626024147,1.0,1.0131452102502876,0.1,1.0
clean_seed104,none,104,4,14,14,False,False,,2.901107889436997,0.9999999999999999,0.9934448791692986,0.1,1.0
clean_seed104,none,104,4,15,15,False,False,,2.8962689852334877,0.9999999999999999,0.9917878623381527,0.1,1.0
clean_seed104,none,104,4,16,16,False,False,,2.962092512912942,1.0,1.0210211497814305,0.1,1.0
clean_seed104,none,104,4,17,17,False,False,,2.8904563141358466,0.9999999999999999,0.98979739229832,0.1,1.0
clean_seed104,none,104,4,18,18,False,False,,2.923456974598001,1.0,1.0077036380626785,0.1,1.0
clean_seed104,none,104,4,2,2,False,False,,2.8709016708092525,1.0,0.9831011710555598,0.1,1.0
clean_seed104,none,104,4,3,3,False,False,,2.8740193622238355,1.0,0.9841687820127134,0.1,1.0
clean_seed104,none,104,4,6,6,False,False,,2.9202504842169534,0.9999999999999999,1.0065983739693567,0.1,1.0
clean_seed104,none,104,4,9,9,False,False,,2.9512507768693146,1.0000000000000002,1.017284047799425,0.1,1.0
clean_seed104,none,104,5,11,11,False,False,,2.950785313529898,0.9999999999999999,1.0006869360639115,0.1,1.0
clean_seed104,none,104,5,13,13,False,False,,2.9259388252918757,1.0,0.9915797031644097,0.1,1.0
clean_seed104,none,104,5,14,14,False,False,,2.941615849906028,1.0,0.9968925344782535,0.1,1.0
clean_seed104,none,104,5,17,17,False,False,,2.906597468715988,1.0,0.9850250560041423,0.1,1.0
clean_seed104,none,104,5,2,2,False,False,,2.9487597041453113,0.9999999999999999,0.9993135354933147,0.1,1.0
clean_seed104,none,104,5,3,3,False,False,,2.884991353638533,1.0,0.9777028984149788,0.1,1.0
clean_seed104,none,104,5,4,4,False,False,,2.959537735418946,1.0,1.0036551066736576,0.1,1.0
clean_seed104,none,104,5,5,5,False,False,,2.977929325392518,0.9999999999999998,1.0098921662576303,0.1,1.0
clean_seed104,none,104,5,6,6,False,False,,2.9682108461944523,1.0,1.0065963808518534,0.1,1.0
clean_seed104,none,104,5,8,8,False,False,,2.9816259087971737,1.0,1.0111457724431256,0.1,1.0
clean_seed104,none,104,6,1,1,False,False,,2.9678417864333837,1.0,1.0089419321578112,0.1,1.0
clean_seed104,none,104,6,10,10,False,False,,2.941538746522407,1.0,0.9993386650898094,0.1,1.0
clean_seed104,none,104,6,11,11,False,True,0.4896803059595406,2.9653672872325676,1.0,1.0081007060465654,0.1,1.0
clean_seed104,none,104,6,13,13,False,False,,2.9434853761592965,1.0,1.0006617725634894,0.1,1.0
clean_seed104,none,104,6,15,15,False,False,,2.9130499837264723,1.0,0.989660083695562,0.1,1.0
clean_seed104,none,104,6,17,17,False,False,,2.928307794594368,0.9999999999999999,0.9948436701307032,0.1,1.0
clean_seed104,none,104,6,18,18,False,False,,3.0102830944512924,1.0,1.0233701996991056,0.1,1.0
clean_seed104,none,104,6,4,4,False,False,,2.927902571455599,0.9999999999999999,0.9947060023365802,0.1,1.0
clean_seed104,none,104,6,7,7,False,False,,2.9242754482645363,1.0,0.9934737478057983,0.1,1.0
clean_seed104,none,104,6,9,9,False,False,,2.9477807874809763,1.0,1.0021220325470637,0.1,1.0
clean_seed104,none,104,7,0,0,False,False,,2.939882555490477,0.9999999999999999,0.9925983264663375,0.1,1.0
clean_seed104,none,104,7,1,1,False,False,,3.0482647713368642,1.0,1.0323796420917197,0.1,1.0
clean_seed104,none,104,7,10,10,False,False,,2.98551655542171,1.0,1.011128213640519,0.1,1.0
clean_seed104,none,104,7,12,12,False,False,,2.9618048681952707,1.0,1.0030975913000961,0.1,1.0
clean_seed104,none,104,7,14,14,False,True,0.5204396831127385,3.002164127318416,1.0,1.0167663768598119,0.1,1.0
clean_seed104,none,104,7,15,15,False,False,,2.9356722433831974,0.9999999999999999,0.9911767905128751,0.1,1.0
clean_seed104,none,104,7,16,16,False,False,,2.928531492488094,1.0,0.9887658447507882,0.1,1.0
clean_seed104,none,104,7,3,3,False,True,0.4936125341057782,2.948285467346221,1.0,0.9954354181147365,0.1,1.0
clean_seed104,none,104,7,7,7,False,False,,3.0012066468445795,1.0,1.0164420994682337,0.1,1.0
clean_seed104,none,104,7,9,9,False,False,,2.9526587381757445,0.9999999999999999,0.9969119741419362,0.1,1.0
clean_seed104,none,104,8,0,0,False,False,,2.9444828379622177,1.0,0.9927952947524434,0.1,1.0
clean_seed104,none,104,8,10,10,False,True,0.5058682930297054,3.05343289960428,1.0,1.031715408311635,0.1,1.0
clean_seed104,none,104,8,13,13,False,True,0.5055544698461614,2.9403211973435646,1.0,0.9913921087085714,0.1,1.0
clean_seed104,none,104,8,16,16,False,True,0.486874653180853,2.9940731060708456,0.9999999999999999,1.0116585033013503,0.1,1.0
clean_seed104,none,104,8,17,17,False,True,0.5136344318955719,2.9595689615619025,0.9999999999999999,0.9978819036240327,0.1,1.0
clean_seed104,none,104,8,18,18,False,True,0.5239025600709284,2.9866857446205772,1.0,1.0091624095977691,0.1,1.0
clean_seed104,none,104,8,19,19,False,False,,2.965850919646465,0.9999999999999999,1.0021225922308792,0.1,1.0
clean_seed104,none,104,8,5,5,False,False,,3.0314042520518822,1.0,1.024272213765909,0.1,1.0
clean_seed104,none,104,8,6,6,False,False,,2.9056756389975704,0.9999999999999999,0.9797106185444859,0.1,1.0
clean_seed104,none,104,8,9,9,False,True,0.5388350518628933,2.938245546061236,1.0,0.9906922585345188,0.1,1.0
clean_seed104,none,104,9,0,0,False,False,,3.0398838660659244,0.9999999999999999,0.999054687244968,0.1,1.0
clean_seed104,none,104,9,13,13,False,True,0.5337692448372757,3.046198117513808,1.0,1.0020771357479703,0.1,1.0
clean_seed104,none,104,9,14,14,False,True,0.5193314373585695,3.034279773754131,1.0,0.9972129081051958,0.1,1.0
clean_seed104,none,104,9,17,17,False,True,0.5445412916925609,2.992516444650703,1.0,0.9834874332074554,0.1,1.0
clean_seed104,none,104,9,18,18,False,True,0.551293213800475,3.0492380333004196,1.0,1.0030771462485508,0.1,1.0
clean_seed104,none,104,9,2,2,False,False,,3.074077569016169,1.0,1.0112483583112983,0.1,1.0
clean_seed104,none,104,9,3,3,False,True,0.5099732969095099,2.9837605887834973,1.0,0.9806098302362951,0.1,1.0
clean_seed104,none,104,9,6,6,False,True,0.5226729331926483,3.0079092496091544,1.0,0.9885462626302681,0.1,1.0
clean_seed104,none,104,9,7,7,False,False,,3.1394892663388636,0.9999999999999999,1.032766186032575,0.1,1.0
clean_seed104,none,104,9,9,9,False,True,0.5645397107554342,3.042760226118178,1.0,1.000946207216783,0.1,1.0
clean_seed104,none,104,10,0,0,False,False,,2.982739108788427,0.9999999999999999,0.9837225971402744,0.1,1.0
clean_seed104,none,104,10,1,1,False,False,,3.1400574457040045,1.0,1.0421353966457876,0.1,1.0
clean_seed104,none,104,10,16,16,False,True,0.5167552784267386,3.038777084479452,0.9999999999999999,1.008522046813102,0.1,1.0
clean_seed104,none,104,10,17,17,False,True,0.5599727269542112,3.0127668155064264,1.0,0.9936258882299184,0.1,1.0
clean_seed104,none,104,10,18,18,False,True,0.5748999813660196,3.0400411063009245,1.0,1.0089415556612893,0.1,1.0
clean_seed104,none,104,10,19,19,False,False,,3.032093719773626,1.0,1.0063039437850305,0.1,1.0
clean_seed104,none,104,10,3,3,False,True,0.5286168248262849,2.993560337602502,1.0,0.9872914936897131,0.1,1.0
clean_seed104,none,104,10,5,5,False,False,,3.0130993110977515,1.0,0.9937355469746849,0.1,1.0
clean_seed104,none,104,10,8,8,False,True,0.4843374538962005,3.0642152465429033,1.0,1.0169645704198609,0.1,1.0
clean_seed104,none,104,10,9,9,False,True,0.5691111839847871,2.9668031137519026,1.0,0.9784668245589064,0.1,1.0
clean_seed104,none,104,11,0,0,False,True,0.5644120664498218,3.0582600365151946,0.9999999999999999,1.0030435323119067,0.1,1.0
clean_seed104,none,104,11,11,11,False,True,0.5082072439613223,3.0065745853567796,1.0,0.9858369066389618,0.1,1.0
clean_seed104,none,104,11,15,15,False,True,0.5266420858167977,2.9830227034783117,1.0,0.9781143926226199,0.1,1.0
clean_seed104,none,104,11,17,17,False,True,0.5728642968779939,3.048980366252137,1.0,0.9997414956237476,0.1,1.0
clean_seed104,none,104,11,19,19,False,True,0.5163921178985494,3.0497687448192305,0.9999999999999999,1.0002585712180438,0.1,1.0
clean_seed104,none,104,11,2,2,False,True,0.4952859456709074,3.1019373455888597,0.9999999999999999,1.0173687505248905,0.1,1.0
clean_seed104,none,104,11,4,4,False,True,0.5042853818566863,3.0855221131197856,1.0,1.0119849072405036,0.1,1.0
clean_seed104,none,104,11,5,5,False,True,0.5365351432410832,3.04146678878631,1.0,0.9972778408044795,0.1,1.0
clean_seed104,none,104,11,6,6,False,True,0.5289498927085226,2.956405188646002,1.0000000000000002,0.9693866768318651,0.1,1.0
clean_seed104,none,104,11,7,7,False,True,0.5087489190528057,3.1691174463191807,1.0,1.0394023790368707,0.1,1.0
clean_seed104,none,104,12,0,0,False,True,0.5688984282005045,3.0388373238969453,1.0,0.9973424356404199,0.1,1.0
clean_seed104,none,104,12,1,1,False,True,0.5419919691909819,3.209160276404748,1.0,1.0535470063899879,0.1,1.0
clean_seed104,none,104,12,11,11,False,True,0.5214124556103475,3.0542527352228666,1.0,1.0026918411059895,0.1,1.0
clean_seed104,none,104,12,16,16,False,True,0.561383299366761,3.0469347490920984,1.0,1.0002893925783918,0.1,1.0
clean_seed104,none,104,12,18,18,False,True,0.5666289856457888,3.0882726406645484,1.0,1.0138603607337808,0.1,1.0
clean_seed104,none,104,12,2,2,False,True,0.5376008915396974,3.107400917112664,0.9999999999999999,1.0201400528194282,0.1,1.0
clean_seed104,none,104,12,4,4,False,True,0.5113876853538816,3.045896172101178,0.9999999999999999,0.9996591403897869,0.1,1.0
clean_seed104,none,104,12,6,6,False,True,0.5543759151940398,3.0042860271490084,0.9999999999999999,0.9860027452324674,0.1,1.0
clean_seed104,none,104,12,8,8,False,True,0.5101205150514597,3.0348929114623897,1.0,0.9960478846377341,0.1,1.0
clean_seed104,none,104,12,9,9,False,True,0.5720802182162912,3.0460532438899306,1.0,0.9997106911454436,0.1,1.0
clean_seed104,none,104,13,0,0,False,True,0.5640216937263642,3.033889113486499,1.0,0.9795793239599928,0.1,1.0
clean_seed104,none,104,13,1,1,False,True,0.5688359354132473,3.2092169104834456,1.0,1.0417177474561967,0.1,1.0
clean_seed104,none,104,13,13,13,False,True,0.553067860540182,3.0652351799609927,1.0,0.989700313046045,0.1,1.0
clean_seed104,none,104,13,14,14,False,True,0.51482682283435,3.1735775483582382,1.0,1.0301491445635198,0.1,1.0
clean_seed104,none,104,13,15,15,False,True,0.5479425912961214,3.036789564365689,0.9999999999999999,0.9805158188697066,0.1,1.0
clean_seed104,none,104,13,17,17,False,True,0.5758045143111551,3.0971346978025913,1.0,1.005335653823823,0.1,1.0
clean_seed104,none,104,13,18,18,False,True,0.5723827503019108,3.0335538263513087,1.0,0.9794710667584483,0.1,1.0
clean_seed104,none,104,13,4,4,False,True,0.5356793061296832,3.1065470080429605,0.9999999999999999,1.008390907144322,0.1,1.0
clean_seed104,none,104,13,5,5,False,True,0.5592189512782149,3.154127028895602,0.9999999999999999,1.0238354699548382,0.1,1.0
clean_seed104,none,104,13,8,8,False,True,0.5414213498102086,3.0806971641983956,1.0000000000000002,0.9946926642822935,0.1,1.0
clean_seed104,none,104,14,0,0,False,True,0.5751948946065685,3.0775605661507,1.0,0.9753711189752694,0.1,1.0
clean_seed104,none,104,14,10,10,False,True,0.5196958952040187,3.1928867170304436,1.0,1.0284195952907602,0.1,1.0
clean_seed104,none,104,14,11,11,False,True,0.5593539216795222,3.104653714934062,1.0,0.9839577492876156,0.1,1.0
clean_seed104,none,104,14,14,14,False,True,0.5295413293735269,3.190472884919975,1.0,1.0276421069355026,0.1,1.0
clean_seed104,none,104,14,15,15,False,True,0.5537909834691483,3.0265248396999307,0.9999999999999999,0.9591963686995131,0.1,1.0
clean_seed104,none,104,14,16,16,False,True,0.5779692507510641,3.0814975758208294,1.0,0.9766188752565286,0.1,1.0
clean_seed104,none,104,14,17,17,False,True,0.5756524774111166,3.158275701427694,1.0,1.0172714870697812,0.1,1.0
clean_seed104,none,104,14,2,2,False,True,0.5707169175293688,3.1738562150754244,0.9999999999999999,1.0222899255425761,0.1,1.0
clean_seed104,none,104,14,3,3,False,True,0.5377399107094423,3.043415308672633,1.0,0.9645494642009048,0.1,1.0
clean_seed104,none,104,14,8,8,False,True,0.5613242253792436,3.1552713693060785,0.9999999999999999,1.016303800365411,0.1,1.0
clean_seed104,none,104,15,0,0,False,True,0.5826252703938601,3.089931820643528,1.0,0.995358305426732,0.1,1.0
clean_seed104,none,104,15,11,11,False,True,0.5624922491072759,3.1043412244586697,1.0,1.0009653472416322,0.1,1.0
clean_seed104,none,104,15,14,14,False,True,0.5513103837419784,3.1459394112401857,1.0,1.0143782875293557,0.1,1.0
clean_seed104,none,104,15,16,16,False,True,0.5715634371954563,3.0439322203508183,1.0,0.9805404755018884,0.1,1.0
clean_seed104,none,104,15,17,17,False,True,0.5843164988398892,3.1059215198513366,1.0,1.0014748984836161,0.1,1.0
clean_seed104,none,104,15,2,2,False,True,0.5856318344073405,3.2205051664372664,0.9999999999999999,1.038421307173949,0.1,1.0
clean_seed104,none,104,15,4,4,False,True,0.5560928096341182,3.0997626869941337,0.9999999999999999,0.998525117848366,0.1,1.0
clean_seed104,none,104,15,6,6,False,True,0.5621348244584041,3.0812149993443354,0.9999999999999999,0.9925503598212316,0.1,1.0
clean_seed104,none,104,15,7,7,False,True,0.5402946862834394,3.2156943807276623,0.9999999999999999,1.0368701150078368,0.1,1.0
clean_seed104,none,104,15,8,8,False,True,0.5733012103521795,3.1013473473515605,1.0,0.9990355837549297,0.1,1.0
clean_seed104,none,104,16,0,0,False,True,0.5879476218266783,3.0488931246735462,1.0,0.972061203745828,0.1,1.0
clean_seed104,none,104,16,10,10,False,True,0.5453311870094063,3.175652740311436,1.0,1.0161475171700756,0.1,1.0
clean_seed104,none,104,16,13,13,False,True,0.5584212281744916,3.1365238247598684,1.0,1.0036270202396134,0.1,1.0
clean_seed104,none,104,16,16,16,False,True,0.5989667873237597,3.1251887020847957,1.0,0.9963860874941893,0.1,1.0
clean_seed104,none,104,16,17,17,False,True,0.5789866477564293,3.1769099412253987,1.0,1.0165497971709996,0.1,1.0
clean_seed104,none,104,16,18,18,False,True,0.5770047471513441,3.12312296667587,1.0,0.9957274808569246,0.1,1.0
clean_seed104,none,104,16,2,2,False,True,0.5910777840038011,3.157555576276604,1.0,1.010356774351007,0.1,1.0
clean_seed104,none,104,16,5,5,False,True,0.5727568181392957,3.1099915634683337,0.9999999999999998,0.991540870475114,0.1,1.0
clean_seed104,none,104,16,6,6,False,True,0.5764992626085853,3.0844795671375524,0.9999999999999999,0.9834070262079707,0.1,1.0
clean_seed104,none,104,16,7,7,False,True,0.5633733116979863,3.211090012519186,1.0,1.0274867595601782,0.1,1.0
clean_seed104,none,104,17,10,10,False,True,0.5589077443536031,3.21581187173712,1.0,1.029929062736377,0.1,1.0
clean_seed104,none,104,17,11,11,False,True,0.592494980803063,3.0961440113455923,0.9999999999999999,0.9820781569053184,0.1,1.0
clean_seed104,none,104,17,12,12,False,False,,3.1557668726442274,0.9999999999999999,1.0106984323063877,0.1,1.0
clean_seed104,none,104,17,15,15,False,True,0.5628308603538432,3.0868753416990042,1.0,0.9791381909443909,0.1,1.0
clean_seed104,none,104,17,18,18,False,True,0.5785984334816096,3.1155972520301876,1.0,0.9882486072097473,0.1,1.0
clean_seed104,none,104,17,19,19,False,True,0.5363206747201973,3.198928830610787,0.9999999999999999,1.024521925933318,0.1,1.0
clean_seed104,none,104,17,2,2,False,True,0.5859859762682187,3.1817945215241203,0.9999999999999999,1.0190343154628918,0.1,1.0
clean_seed104,none,104,17,3,3,False,True,0.5368810698199511,3.1223624889205075,0.9999999999999999,0.9903944994395424,0.1,1.0
clean_seed104,none,104,17,5,5,False,True,0.5799552793418763,3.115328016342372,1.0,0.988163207277737,0.1,1.0
clean_seed104,none,104,17,9,9,False,True,0.5604876406646804,3.1526452243903127,1.0,1.009698661054654,0.1,1.0
clean_seed104,none,104,18,1,1,False,True,0.569480760625276,3.1689250962273734,1.0,1.031654430810895,0.1,1.0
clean_seed104,none,104,18,11,11,False,True,0.5873636128401917,3.0549766684200734,0.9999999999999999,0.9939257776914782,0.1,1.0
clean_seed104,none,104,18,15,15,False,True,0.5622813569905238,3.0651495338872112,1.0,0.9972354832369561,0.1,1.0
clean_seed104,none,104,18,16,16,False,True,0.6201858084971545,3.073646681662341,1.0,1.0006362162549016,0.1,1.0
clean_seed104,none,104,18,2,2,False,True,0.5869621506947613,3.12526942192471,0.9999999999999999,1.0174421763533827,0.1,1.0
clean_seed104,none,104,18,3,3,False,True,0.5462808797903633,3.1004700780839234,0.9999999999999999,1.0093686649330564,0.1,1.0
clean_seed104,none,104,18,4,4,False,True,0.5822976989485438,2.9894131087588756,1.0,0.9725949070834945,0.1,1.0
clean_seed104,none,104,18,6,6,False,True,0.5875934632289532,3.0129468310841516,0.9999999999999999,0.9802515198183545,0.1,1.0
clean_seed104,none,104,18,7,7,False,True,0.5676748490472789,3.1732014460709737,1.0,1.0330466111653944,0.1,1.0
clean_seed104,none,104,18,9,9,False,True,0.564594611467139,3.071692421014034,1.0,0.9993641882588632,0.1,1.0
clean_seed104,none,104,19,1,1,False,True,0.5975306361163284,3.2842943588349685,0.9999999999999999,1.0423974472742858,0.1,1.0
clean_seed104,none,104,19,11,11,False,True,0.594874716312731,3.110793565879105,1.0,0.9858730308762801,0.1,1.0
clean_seed104,none,104,19,12,12,False,False,,3.191415520333015,1.0,1.0129187667474342,0.1,1.0
clean_seed104,none,104,19,14,14,False,True,0.576902814093754,3.150712204277658,1.0,0.998524050043254,0.1,1.0
clean_seed104,none,104,19,16,16,False,True,0.6113042418111769,3.106782801069523,0.9999999999999999,0.9846019388622277,0.1,1.0
clean_seed104,none,104,19,18,18,False,True,0.5906663685747995,3.0578526810234687,1.0,0.9690949999640461,0.1,1.0
clean_seed104,none,104,19,19,19,False,True,0.5536256748314358,3.167982601842595,1.0,1.0054814265617436,0.1,1.0
clean_seed104,none,104,19,2,2,False,True,0.597996860939387,3.1776394007424273,0.9999999999999999,1.0085463840296842,0.1,1.0
clean_seed104,none,104,19,3,3,False,True,0.562123489693725,3.155369371565137,1.0,1.0014781316050245,0.1,1.0
clean_seed104,none,104,19,4,4,False,True,0.5874462330044962,3.0769553503698996,1.0,0.9751490199841985,0.1,1.0
clean_seed104,none,104,20,0,0,False,True,0.5944892015248759,3.0237223647232465,0.9999999999999999,0.9880375271193466,0.1,1.0
clean_seed104,none,104,20,11,11,False,True,0.5797548144919584,3.098120798642681,1.0,1.0124303381434634,0.1,1.0
clean_seed104,none,104,20,12,12,False,True,0.5270242268314147,3.1337543540743624,0.9999999999999999,1.0240749753024654,0.1,1.0
clean_seed104,none,104,20,13,13,False,True,0.5704796816295012,3.0713590001352826,1.0,1.003684889378508,0.1,1.0
clean_seed104,none,104,20,15,15,False,True,0.5632621503203022,3.024063991158402,1.0,0.9881491576520064,0.1,1.0
clean_seed104,none,104,20,2,2,False,True,0.6166721484680562,3.146693023950748,0.9999999999999999,1.0283031841972943,0.1,1.0
clean_seed104,none,104,20,3,3,False,True,0.5876448291010303,3.0600829330379775,1.0,0.9999187786593269,0.1,1.0
clean_seed104,none,104,20,4,4,False,True,0.5968907458337311,3.0603314972650897,0.9999999999999999,1.0000812279381153,0.1,1.0
clean_seed104,none,104,20,6,6,False,True,0.5900082310818948,2.999954804127778,1.0000000000000002,0.9802711918002124,0.1,1.0
clean_seed104,none,104,20,9,9,False,True,0.5804260671232738,3.0516834795046415,1.0,0.9971741565355986,0.1,1.0
clean_seed104,none,104,21,0,0,False,True,0.5920611096896087,3.004012777250745,0.9999999999999999,0.96538829175968,0.1,1.0
clean_seed104,none,104,21,1,1,False,True,0.5988950449789451,3.2565446046561144,0.9999999999999999,1.0478488144259555,0.1,1.0
clean_seed104,none,104,21,12,12,False,True,0.5809826015496422,3.2006869693519477,1.0,1.0298756667999647,0.1,1.0
clean_seed104,none,104,21,16,16,False,True,0.5992659071092185,3.111714532786723,1.0,1.001247266612182,0.1,1.0
clean_seed104,none,104,21,18,18,False,True,0.6125567300071357,3.0425835176894434,1.0,0.977783625596475,0.1,1.0
clean_seed104,none,104,21,19,19,False,True,0.5531539876513154,3.1925343450386507,1.0,1.0272524207652154,0.1,1.0
clean_seed104,none,104,21,3,3,False,True,0.5890708925819055,3.0471665242997608,1.0,0.9792564491996778,0.1,1.0
clean_seed104,none,104,21,5,5,False,True,0.5933006709224787,3.1078382299264726,0.9999999999999999,0.9987542871238967,0.1,1.0
clean_seed104,none,104,21,6,6,False,True,0.5934696722205426,3.000949626994384,0.9999999999999999,0.9644038986786032,0.1,1.0
clean_seed104,none,104,21,8,8,False,True,0.5763699460560815,3.114868291934113,1.0,1.0022620424512272,0.1,1.0
clean_seed104,none,104,22,10,10,False,True,0.5632076199170806,3.2199933141333443,1.0,1.0205254995718283,0.1,1.0
clean_seed104,none,104,22,12,12,False,True,0.6067054766711469,3.2161053584564256,0.9999999999999999,1.0192932740600282,0.1,1.0
clean_seed104,none,104,22,14,14,False,True,0.6055715991879032,3.1211270834018054,0.9999999999999999,0.9837739606278142,0.1,1.0
clean_seed104,none,104,22,15,15,False,True,0.5518022817915295,3.1184635996065917,1.0,0.9829344350550747,0.1,1.0
clean_seed104,none,104,22,16,16,False,True,0.5940707361060645,3.077019024374122,1.0,0.9698711752667083,0.1,1.0
clean_seed104,none,104,22,17,17,False,True,0.5946897319883732,3.1726059118397467,1.0,1.005506818574318,0.1,1.0
clean_seed104,none,104,22,19,19,False,True,0.5662952404088545,3.155230629204586,1.0,0.9945233403965118,0.1,1.0
clean_seed104,none,104,22,2,2,False,True,0.6154392597291365,3.1735575110373837,1.0,1.0058084127553673,0.1,1.0
clean_seed104,none,104,22,3,3,False,True,0.5879484430860284,3.0809072086023535,1.0,0.9710967243378115,0.1,1.0
clean_seed104,none,104,22,7,7,False,True,0.5627314762745433,3.1898081052063456,1.0,1.0109587792669457,0.1,1.0
clean_seed104,none,104,23,0,0,False,True,0.5673932454004029,3.0335975364220222,1.0,0.9742822500105884,0.1,1.0
clean_seed104,none,104,23,1,1,False,True,0.5911225666598826,3.13815097318284,1.0,1.013257768555682,0.1,1.0
clean_seed104,none,104,23,10,10,False,True,0.5863501836095076,3.199041965778723,1.0,1.0329184769824242,0.1,1.0
clean_seed104,none,104,23,13,13,False,True,0.5841148068752442,3.182079872348662,1.0,1.0274416936517787,0.1,1.0
clean_seed104,none,104,23,14,14,False,True,0.6022964625879107,3.09709046460707,1.0,0.9946738913503457,0.1,1.0
clean_seed104,none,104,23,17,17,False,True,0.5957917629606485,3.076892908569399,1.0,0.9881871639236395,0.1,1.0
clean_seed104,none,104,23,4,4,False,True,0.5945726355798172,3.055858649563343,0.9999999999999999,0.9814317176438747,0.1,1.0
clean_seed104,none,104,23,6,6,False,True,0.593614994636594,3.007385864201448,0.9999999999999999,0.9658640051112596,0.1,1.0
clean_seed104,none,104,23,8,8,False,True,0.5762683285613845,3.1956049813128478,1.0,1.0318087307528088,0.1,1.0
clean_seed104,none,104,23,9,9,False,True,0.5908286568722448,3.113674231865615,0.9999999999999999,1.0053546279800547,0.1,1.0
clean_seed104,none,104,24,0,0,False,True,0.5796296048110922,3.0422198392011133,1.0,0.9827227628324289,0.1,1.0
clean_seed104,none,104,24,1,1,False,True,0.6120342942701358,3.1491998604935807,1.0,1.0197461811423627,0.1,1.0
clean_seed104,none,104,24,11,11,False,True,0.5766077813346724,3.1254110581309,1.0,1.012043100538424,0.1,1.0
clean_seed104,none,104,24,14,14,False,True,0.5952174123164304,3.0762798548667507,0.9999999999999999,0.9937251079837381,0.1,1.0
clean_seed104,none,104,24,16,16,False,True,0.5953951980322066,3.0957050698945334,0.9999999999999999,1.0024239688849803,0.1,1.0
clean_seed104,none,104,24,19,19,False,True,0.5777110771159257,3.18498582371792,1.0,1.0313340767835117,0.1,1.0
clean_seed104,none,104,24,3,3,False,True,0.5895406391761515,3.088219322347169,0.9999999999999999,0.997581892532282,0.1,1.0
clean_seed104,none,104,24,6,6,False,True,0.5778119618579332,2.976253927128554,0.9999999999999999,0.9614139137711691,0.1,1.0
clean_seed104,none,104,24,8,8,False,True,0.5711726821383004,3.101670293954009,1.0,1.004355575237,0.1,1.0
clean_seed104,none,104,24,9,9,False,True,0.6092009382559179,3.0822311297813325,1.0,0.995647537537011,0.1,1.0
clean_seed104,none,104,25,0,0,False,True,0.583273604306054,3.0095398177861123,0.9999999999999998,0.9542010661128622,0.1,1.0
clean_seed104,none,104,25,1,1,False,True,0.6176183943040174,3.153989158748379,1.0,1.0048531847601665,0.1,1.0
clean_seed104,none,104,25,13,13,False,True,0.6047623246478857,3.17717744285857,1.0,1.0122409150168221,0.1,1.0
clean_seed104,none,104,25,16,16,False,True,0.5924719098442938,3.096991404378788,1.0,0.9819283607201078,0.1,1.0
clean_seed104,none,104,25,17,17,False,True,0.6002102299112783,3.2160509510431075,1.0,1.0246259190659592,0.1,1.0
clean_seed104,none,104,25,2,2,False,True,0.6073838317127784,3.195729631201531,0.9999999999999999,1.0181515965703671,0.1,1.0
clean_seed104,none,104,25,4,4,False,True,0.5958429195198577,3.1031889818763068,1.0,0.9838933571692328,0.1,1.0
clean_seed104,none,104,25,5,5,False,True,0.5941800621334987,3.0751247063393827,0.9999999999999998,0.9749953318037743,0.1,1.0
clean_seed104,none,104,25,7,7,False,True,0.563564243571194,3.2824610236463942,1.0,1.045784004777975,0.1,1.0
clean_seed104,none,104,25,8,8,False,True,0.5806366985241755,3.1387561950168448,0.9999999999999999,0.9951702548852199,0.1,1.0
clean_seed104,none,104,26,0,0,False,True,0.5781716559492677,2.983733631691378,1.0,0.945822042385061,0.1,1.0
clean_seed104,none,104,26,1,1,False,True,0.6139722933830701,3.194426525711649,1.0,1.0129037640245149,0.1,1.0
clean_seed104,none,104,26,11,11,False,True,0.5627668602116511,3.1561848785712425,0.9999999999999999,1.0007779229637677,0.1,1.0
clean_seed104,none,104,26,12,12,False,True,0.6002938093816003,3.1189733986763764,1.0,0.9886920731622124,0.1,1.0
clean_seed104,none,104,26,13,13,False,True,0.6067930485208196,3.1537315184015204,1.0,0.9997101464374949,0.1,1.0
clean_seed104,none,104,26,14,14,False,True,0.5839041209080283,3.154645903755166,1.0,1.000289937601952,0.1,1.0
clean_seed104,none,104,26,18,18,False,True,0.6167065732697242,3.1177432208393183,1.0,0.9883021156599794,0.1,1.0
clean_seed104,none,104,26,19,19,False,True,0.5842321247343861,3.210012533715192,1.0,1.0178458486352693,0.1,1.0
clean_seed104,none,104,26,2,2,False,True,0.6214672552195138,3.1942006222662793,1.0,1.0128321334991988,0.1,1.0
clean_seed104,none,104,26,9,9,False,True,0.6116791977080811,3.1332653398412615,0.9999999999999999,0.9932225154371671,0.1,1.0
clean_seed104,none,104,27,1,1,False,True,0.6157279609647127,3.226264572450555,1.0,1.0365263530824163,0.1,1.0
clean_seed104,none,104,27,12,12,False,True,0.6091447557490677,3.083087856173493,0.9999999999999999,0.9821355903438398,0.1,1.0
clean_seed104,none,104,27,17,17,False,True,0.5978140371390985,3.1391672254684533,1.0,1.0085439314913873,0.1,1.0
clean_seed104,none,104,27,19,19,False,True,0.5757567030657746,3.141602280018194,1.0,1.0093262598328236,0.1,1.0
clean_seed104,none,104,27,2,2,False,True,0.6156757881288178,3.0923192578338354,1.0,0.9850763071000058,0.1,1.0
clean_seed104,none,104,27,3,3,False,True,0.5945666198230618,3.1125736097845538,1.0,0.9915284488611686,0.1,1.0
clean_seed104,none,104,27,5,5,False,True,0.596887984759261,3.152680262693317,0.9999999999999999,1.0128853668818258,0.1,1.0
clean_seed104,none,104,27,6,6,False,True,0.5749493779551432,3.085685508553981,1.0,0.9829630876365654,0.1,1.0
clean_seed104,none,104,27,8,8,False,True,0.5975543836463851,3.1449057900671535,1.0,1.010387603422763,0.1,1.0
clean_seed104,none,104,27,9,9,False,True,0.60953041620749,3.105987553291697,0.9999999999999999,0.9894304222127559,0.1,1.0
clean_seed104,none,104,28,0,0,False,True,0.5713819517375555,3.0308707338821366,1.0,0.9714874112577623,0.1,1.0
clean_seed104,none,104,28,11,11,False,True,0.5680157938675885,3.119825021672837,0.9999999999999999,1.0003872670174316,0.1,1.0
clean_seed104,none,104,28,13,13,False,True,0.602168095287331,3.0819480310259437,1.0,0.987859258008456,0.1,1.0
clean_seed104,none,104,28,14,14,False,True,0.5985174141954126,3.136388389736788,1.0,1.005698392607807,0.1,1.0
clean_seed104,none,104,28,15,15,False,True,0.5659323975026699,3.1186172840587285,1.0,0.9996128829002529,0.1,1.0
clean_seed104,none,104,28,17,17,False,True,0.5929468637392096,3.122606751660213,1.0,1.0012792424456431,0.1,1.0
clean_seed104,none,104,28,18,18,False,True,0.6283311313273917,3.13292845646717,1.0,1.0045889479551067,0.1,1.0
clean_seed104,none,104,28,4,4,False,True,0.5822613136990638,3.1172077619174057,1.0,0.9991610876452206,0.1,1.0
clean_seed104,none,104,28,5,5,False,True,0.5903271765090904,3.0957099755729325,0.9999999999999998,0.992270385059296,0.1,1.0
clean_seed104,none,104,28,9,9,False,True,0.5971626978703038,3.1544205289710785,0.9999999999999999,1.011480486911736,0.1,1.0
clean_seed104,none,104,29,0,0,False,True,0.5709505000106283,3.0386074630372093,0.9999999999999999,0.9737639018382801,0.1,1.0
clean_seed104,none,104,29,12,12,False,True,0.6073601526441037,3.163672037060038,1.0,1.017019145859241,0.1,1.0
clean_seed104,none,104,29,13,13,False,True,0.5894810715678576,3.106050786854467,0.9999999999999999,0.9953770502795045,0.1,1.0
clean_seed104,none,104,29,16,16,False,True,0.6078596185774985,3.1204765932490406,1.0,1.0031331953387517,0.1,1.0
clean_seed104,none,104,29,19,19,False,True,0.5700755884367429,3.1563618398089144,1.0,1.0146691517772661,0.1,1.0
clean_seed104,none,104,29,2,2,False,True,0.6269389216826491,3.077886732325176,1.0,0.9863514884181458,0.1,1.0
clean_seed104,none,104,29,3,3,False,True,0.5868208014611952,3.1107300682989316,1.0,0.9968765909120437,0.1,1.0
clean_seed104,none,104,29,6,6,False,True,0.5893221160516184,3.0616511950163234,1.0,0.9811485853282853,0.1,1.0
clean_seed104,none,104,29,7,7,False,True,0.5677634064701956,3.237155995922264,1.0,1.0406418830459523,0.1,1.0
clean_seed104,none,104,29,8,8,False,True,0.5958164505684193,3.1816855221352665,0.9999999999999999,1.0228099038741527,0.1,1.0
clean_seed104,none,104,30,1,1,False,True,0.6060883702840294,3.209431492518813,0.9999999999999999,1.0372153642112496,0.1,1.0
clean_seed104,none,104,30,10,10,False,True,0.5729463065605291,3.3117298825020405,1.0,1.070275880402983,0.1,1.0
clean_seed104,none,104,30,13,13,False,True,0.5814200176847056,3.1036499038817444,1.0,1.0030291573266985,0.1,1.0
clean_seed104,none,104,30,16,16,False,True,0.6087762632503105,3.0435587522049308,1.0,0.9810018631779353,0.1,1.0
clean_seed104,none,104,30,17,17,False,True,0.5841964244982331,3.102500480830266,0.9999999999999999,1.0026576899027166,0.1,1.0
clean_seed104,none,104,30,18,18,False,True,0.621176263007459,3.0798987898489116,0.9999999999999999,0.9927150080649445,0.1,1.0
clean_seed104,none,104,30,3,3,False,True,0.586868546931659,3.0942768524832114,1.0,0.997349354690558,0.1,1.0
clean_seed104,none,104,30,4,4,False,True,0.578904161576673,3.0454759011342682,1.0,0.9816197998845315,0.1,1.0
clean_seed104,none,104,30,6,6,False,True,0.5726226432778833,3.026087498664226,1.0,0.975370517220487,0.1,1.0
clean_seed104,none,104,30,7,7,False,True,0.5888820616135793,3.2745579941503995,1.0,1.058262770353761,0.1,1.0
clean_seed104,none,104,31,10,10,False,True,0.5670718510775449,3.1742966844232203,1.0,1.0125875094633476,0.1,1.0
clean_seed104,none,104,31,14,14,False,True,0.5936230254820477,3.1417918893570262,0.9999999999999999,1.0022186143177843,0.1,1.0
clean_seed104,none,104,31,16,16,False,True,0.5984097433740417,3.0205854606781615,1.0,0.9630903289274728,0.1,1.0
clean_seed104,none,104,31,17,17,False,True,0.5943563472470522,3.168431649926072,1.0,1.0107165877238875,0.1,1.0
clean_seed104,none,104,31,18,18,False,True,0.617285537938136,3.134836895337113,1.0,0.9995185158530038,0.1,1.0
clean_seed104,none,104,31,19,19,False,True,0.5668750376285714,3.136346996695501,1.0,1.0004817160856547,0.1,1.0
clean_seed104,none,104,31,2,2,False,True,0.6311733381673684,3.0907976584596955,1.0,0.9854769455408484,0.1,1.0
clean_seed104,none,104,31,7,7,False,True,0.605526106718769,3.17984651388996,1.0,1.0143578821021904,0.1,1.0
clean_seed104,none,104,31,8,8,False,True,0.5920248029928281,3.104269797289404,1.0,0.989772432884533,0.1,1.0
clean_seed104,none,104,31,9,9,False,True,0.5887682475091244,3.123275746564778,1.0,0.9958323329196371,0.1,1.0
clean_seed104,none,104,32,1,1,False,True,0.5982782236586358,3.1993810276294865,1.0,1.0226565872826112,0.1,1.0
clean_seed104,none,104,32,11,11,False,True,0.5721324790539849,3.1425887405762407,1.0,1.004503386410229,0.1,1.0
clean_seed104,none,104,32,14,14,False,True,0.6019719391952708,3.094732592321153,1.0,0.9869471874961991,0.1,1.0
clean_seed104,none,104,32,17,17,False,True,0.5945122109313973,3.155800527558248,0.9999999999999999,1.0087264285768993,0.1,1.0
clean_seed104,none,104,32,18,18,False,True,0.6141389561273061,3.0366107946326073,0.9999999999999999,0.9684114520005811,0.1,1.0
clean_seed104,none,104,32,19,19,False,True,0.5750284355057476,3.1284998966572317,0.9999999999999999,0.9977159841691372,0.1,1.0
clean_seed104,none,104,32,3,3,False,True,0.5973211659024814,3.110330904478647,1.0,0.9919216755510717,0.1,1.0
clean_seed104,none,104,32,7,7,False,True,0.6069769370925354,3.164622374407175,0.9999999999999999,1.0115462614489903,0.1,1.0
clean_seed104,none,104,32,8,8,False,True,0.6016757346189412,3.0641160054719028,1.0,0.977183192262305,0.1,1.0
clean_seed104,none,104,32,9,9,False,True,0.5986630429904437,3.1356617978437384,0.9999999999999999,1.002289244501545,0.1,1.0
clean_seed104,none,104,33,0,0,False,True,0.5720455167067509,2.9981589338301133,1.0,0.964020742734243,0.1,1.0
clean_seed104,none,104,33,11,11,False,True,0.5793228748788489,3.081009318519413,1.0,0.9906602542300408,0.1,1.0
clean_seed104,none,104,33,13,13,False,True,0.5979103216885117,3.171205219476228,1.0,1.024222174893634,0.1,1.0
clean_seed104,none,104,33,15,15,False,True,0.5773749780896389,3.1861073705989553,1.0,1.0290352073457043,0.1,1.0
clean_seed104,none,104,33,16,16,False,True,0.6044425625527422,3.040335139717179,1.0,0.9775819775527789,0.1,1.0
clean_seed104,none,104,33,19,19,False,True,0.5899595024326828,3.216689523284196,1.0,1.0389124990276914,0.1,1.0
clean_seed104,none,104,33,5,5,False,True,0.601870928769712,3.096208320041068,1.0,0.9955473042694485,0.1,1.0
clean_seed104,none,104,33,6,6,False,True,0.5737725445508445,3.110056455140647,1.0,1.0044726109060373,0.1,1.0
clean_seed104,none,104,33,7,7,False,True,0.604928869295126,3.213868629132594,1.0,1.0380014188095603,0.1,1.0
clean_seed104,none,104,33,9,9,False,True,0.6024491531100886,3.049831084512688,0.9999999999999999,0.9806352805819933,0.1,1.0
clean_seed104,none,104,34,1,1,False,True,0.5972241948431299,3.177693781261233,1.0,1.0335587360494345,0.1,1.0
clean_seed104,none,104,34,10,10,False,True,0.5633544334260039,3.303658802802076,0.9999999999999999,1.074529407678631,0.1,1.0
clean_seed104,none,104,34,16,16,False,True,0.6044530203388776,3.0174765642271266,1.0,0.9684911031706178,0.1,1.0
clean_seed104,none,104,34,17,17,False,True,0.6011602511068299,3.1905971547966927,1.0,1.0377556144650728,0.1,1.0
clean_seed104,none,104,34,18,18,False,True,0.6127598103110191,3.026028836889167,1.0,0.9712360457770559,0.1,1.0
clean_seed104,none,104,34,4,4,False,True,0.5797406842810685,3.074516880779619,0.9999999999999999,0.9867987976720577,0.1,1.0
clean_seed104,none,104,34,6,6,False,True,0.5800090898889446,2.9905045805084813,1.0,0.9598341589623165,0.1,1.0
clean_seed104,none,104,34,7,7,False,True,0.6035315430296424,3.2695000720884506,1.0,1.0634191318082433,0.1,1.0
clean_seed104,none,104,34,8,8,False,True,0.5893408367719919,3.115647169445956,1.0,1.0133778054443165,0.1,1.0
clean_seed104,none,104,34,9,9,False,True,0.6097528986047674,3.0414369843584264,1.0,0.9761814541083847,0.1,1.0
clean_seed104,none,104,35,0,0,False,True,0.5851054783884465,3.0049798078940184,0.9999999999999999,0.965804960964441,0.1,1.0
clean_seed104,none,104,35,1,1,False,True,0.602469449881801,3.192034342981007,1.0,1.0271377487712283,0.1,1.0
clean_seed104,none,104,35,10,10,False,True,0.5752058314981618,3.306762544905412,1.0,1.0640551670641507,0.1,1.0
clean_seed104,none,104,35,14,14,False,True,0.6094612937743733,3.20746808887188,1.0,1.032104043399078,0.1,1.0
clean_seed104,none,104,35,16,16,False,True,0.5984581263790458,3.069626822805945,1.0,0.9865826073065103,0.1,1.0
clean_seed104,none,104,35,17,17,False,True,0.5985126986316013,3.111373340734637,1.0,1.0011825266906302,0.1,1.0
clean_seed104,none,104,35,3,3,False,True,0.6114613911826653,3.042433750508816,0.9999999999999999,0.9778427135942666,0.1,1.0
clean_seed104,none,104,35,5,5,False,True,0.5913129222842026,3.1076984044249754,1.0,0.9988188700270878,0.1,1.0
clean_seed104,none,104,35,7,7,False,True,0.6080035430947289,3.1871479160259315,0.9999999999999999,1.0255653867466128,0.1,1.0
clean_seed104,none,104,35,9,9,False,True,0.6023454413441663,2.9815966292152565,1.0,0.9582895727040143,0.1,1.0
clean_seed104,none,104,36,0,0,False,True,0.5963154271382561,2.9851653008349524,1.0,0.9406245166033571,0.1,1.0
clean_seed104,none,104,36,11,11,False,True,0.5728107619024612,3.1798614203062217,1.0,1.0142850386924138,0.1,1.0
clean_seed104,none,104,36,13,13,False,True,0.5946705858171853,3.187936262510256,1.0,1.0168606828966085,0.1,1.0
clean_seed104,none,104,36,18,18,False,True,0.6131772170834032,3.135076727943858,1.0,0.9878615535668355,0.1,1.0
clean_seed104,none,104,36,19,19,False,True,0.600612050511781,3.354077206124343,1.0,1.0698549021873913,0.1,1.0
clean_seed104,none,104,36,2,2,False,True,0.6168926736053607,3.240887098186096,1.0,1.0337504882413624,0.1,1.0
clean_seed104,none,104,36,3,3,False,True,0.6177168601149005,3.1251373726406593,0.9999999999999999,0.9847296662724182,0.1,1.0
clean_seed104,none,104,36,4,4,False,True,0.5859215358845818,3.1735992929618035,1.0,1.0122875987929045,0.1,1.0
clean_seed104,none,104,36,5,5,False,True,0.5970450264420855,3.1078428702224064,1.0,0.9792801747576553,0.1,1.0
clean_seed104,none,104,36,9,9,False,True,0.59214784733557,3.0132772758592874,1.0,0.9494825898600155,0.1,1.0
clean_seed104,none,104,37,0,0,False,True,0.6047034000931865,2.9679007236760566,1.0,0.9412814131288042,0.1,1.0
clean_seed104,none,104,37,1,1,False,True,0.5867805742061372,3.225949416835826,1.0,1.0331300409762252,0.1,1.0
clean_seed104,none,104,37,10,10,False,True,0.5784817777111484,3.318873264212254,1.0,1.0628894717182735,0.1,1.0
clean_seed104,none,104,37,12,12,False,True,0.6028030885605362,3.2002135388046837,0.9999999999999999,1.024887968553728,0.1,1.0
clean_seed104,none,104,37,13,13,False,True,0.6038487399259048,3.1225008361847286,1.0,0.9903134482003111,0.1,1.0
clean_seed104,none,104,37,2,2,False,True,0.6114661849724953,3.153042950047003,0.9999999999999999,1.0097812988577428,0.1,1.0
clean_seed104,none,104,37,3,3,False,True,0.6178057921558523,3.0340399740395045,1.0000000000000002,0.962257737083561,0.1,1.0
clean_seed104,none,104,37,4,4,False,True,0.590564752403638,3.1084279397362025,0.9999999999999999,0.9858501736203322,0.1,1.0
clean_seed104,none,104,37,6,6,False,True,0.5861622844461563,3.0481942150229466,1.0,0.9667468104034252,0.1,1.0
clean_seed104,none,104,37,7,7,False,True,0.5964299895987125,3.1797815041136572,1.0,1.0183444844161893,0.1,1.0
clean_seed104,none,104,38,10,10,False,True,0.5860693645074276,3.24075196444611,1.0,1.0329093335013577,0.1,1.0
clean_seed104,none,104,38,12,12,False,True,0.5976633477975051,3.1447105376978173,1.0,1.0022985100938795,0.1,1.0
clean_seed104,none,104,38,14,14,False,True,0.6057686507953536,3.1385465493578293,1.0,1.0003338916479703,0.1,1.0
clean_seed104,none,104,38,16,16,False,True,0.5871087854115575,3.1247903904044927,0.9999999999999999,0.9956170288581028,0.1,1.0
clean_seed104,none,104,38,17,17,False,True,0.5983720475974907,3.146353119945941,1.0,1.0028220424572767,0.1,1.0
clean_seed104,none,104,38,19,19,False,True,0.6106952822133258,3.20972105938465,1.0,1.023019001931211,0.1,1.0
clean_seed104,none,104,38,2,2,False,True,0.6052548142068485,3.1374989646580147,1.0,0.9996662197984513,0.1,1.0
clean_seed104,none,104,38,5,5,False,True,0.6081895422184166,3.1113694730854826,1.0,0.9913408720103555,0.1,1.0
clean_seed104,none,104,38,6,6,False,True,0.5918000060568209,3.003655129422147,1.0,0.957021054869082,0.1,1.0
clean_seed104,none,104,38,9,9,False,True,0.5980890424768669,3.049554660847249,1.0,0.9716455094385047,0.1,1.0
clean_seed104,none,104,39,12,12,False,True,0.6037897147717675,3.129119404386142,1.0,1.003063975074989,0.1,1.0
clean_seed104,none,104,39,13,13,False,True,0.6070607565604658,3.2176236084642253,1.0,1.0314346977227,0.1,1.0
clean_seed104,none,104,39,14,14,False,True,0.6072200481009548,3.1195611467874813,1.0,0.9969453841917113,0.1,1.0
clean_seed104,none,104,39,15,15,False,True,0.5860701748129925,3.200429976801345,1.0,1.0259231430988753,0.1,1.0
clean_seed104,none,104,39,16,16,False,True,0.593480606034483,3.1163917435075055,0.9999999999999999,0.9959325103219787,0.1,1.0
clean_seed104,none,104,39,2,2,False,True,0.6043781065284983,3.1628794661386483,1.0,1.0138860298974348,0.1,1.0
clean_seed104,none,104,39,3,3,False,True,0.5998422674279595,3.0856837922784615,1.0,0.9861189023190371,0.1,1.0
clean_seed104,none,104,39,5,5,False,True,0.6186600172998391,3.104964544707545,1.0,0.992280620661283,0.1,1.0
clean_seed104,none,104,39,6,6,False,True,0.6024136604483425,3.035464604156083,1.0,0.9700699180418678,0.1,1.0
clean_seed104,none,104,39,7,7,False,True,0.5858921625986561,3.170289956095726,1.0,1.016261521066989,0.1,1.0
clean_seed104,none,104,40,1,1,False,True,0.5970940784574352,3.220006697644397,1.0,1.004331146190515,0.1,1.0
clean_seed104,none,104,40,13,13,False,True,0.591264730872415,3.233742783280109,0.9999999999999999,1.0086154784686987,0.1,1.0
clean_seed104,none,104,40,15,15,False,True,0.5937467467425785,3.2396886716980218,0.9999999999999999,1.0104700214838582,0.1,1.0
clean_seed104,none,104,40,17,17,False,True,0.5978739115783546,3.205719953577011,1.0,0.9955631321891854,0.1,1.0
clean_seed104,none,104,40,19,19,False,True,0.6019442478203216,3.2897066272426034,1.0,1.0260707935750917,0.1,1.0
clean_seed104,none,104,40,3,3,False,True,0.5884380390278526,2.9996230705287,0.9999999999999998,0.9315580221379914,0.1,1.0
clean_seed104,none,104,40,5,5,False,True,0.6179988989307085,3.167956522934413,1.0000000000000002,0.983835383091575,0.1,1.0
clean_seed104,none,104,40,7,7,False,True,0.5902157889134582,3.2810848793074676,0.9999999999999999,1.0233816407878646,0.1,1.0
clean_seed104,none,104,40,8,8,False,True,0.5844657081500474,3.2061205209636934,1.0,0.9956875317399613,0.1,1.0
clean_seed104,none,104,40,9,9,False,True,0.6061250751605088,3.060545632470286,1.0,0.9504780330765259,0.1,1.0
clean_seed104,none,104,41,1,1,False,True,0.6017165606813785,3.1389438073848073,0.9999999999999999,1.0043610248278612,0.1,1.0
clean_seed104,none,104,41,11,11,False,True,0.5904658759154898,3.2614960827438915,0.9999999999999999,1.04357380990068,0.1,1.0
clean_seed104,none,104,41,13,13,False,True,0.5957201633273207,3.0887122914379224,1.0,0.9864336320366156,0.1,1.0
clean_seed104,none,104,41,16,16,False,True,0.5852571897599919,2.9525554901336784,1.0,0.9429496052435256,0.1,1.0
clean_seed104,none,104,41,17,17,False,True,0.6013415457845319,3.095575159394992,1.0,0.9886254074842176,0.1,1.0
clean_seed104,none,104,41,18,18,False,True,0.6076557893572577,3.1253142344136617,1.0,0.9981230948749776,0.1,1.0
clean_seed104,none,104,41,19,19,False,True,0.5848622760081451,3.131191183192821,0.9999999999999999,1.0018804345222143,0.1,1.0
clean_seed104,none,104,41,7,7,False,True,0.6004097606863632,3.191662741674032,1.0,1.0212293876019856,0.1,1.0
clean_seed104,none,104,41,8,8,False,True,0.5921845393067406,3.197388301710793,1.0,1.0230613825974695,0.1,1.0
clean_seed104,none,104,41,9,9,False,True,0.6138019499879513,3.0316154168097067,1.0000000000000002,0.9681987586968168,0.1,1.0
clean_seed104,none,104,42,12,12,False,True,0.6022002577296016,3.23557983503805,1.0,1.0615646802428977,0.1,1.0
clean_seed104,none,104,42,13,13,False,True,0.5987445974436566,2.976867820187162,1.0,0.975974336620393,0.1,1.0
clean_seed104,none,104,42,14,14,False,True,0.6102029728424259,3.1908983775103876,1.0,1.046905095379778,0.1,1.0
clean_seed104,none,104,42,16,16,False,True,0.5880602313986965,3.0661095412679087,1.0,1.0059629991257777,0.1,1.0
clean_seed104,none,104,42,17,17,False,True,0.5979596382861799,3.050149689893967,1.0,1.000726715249536,0.1,1.0
clean_seed104,none,104,42,19,19,False,True,0.5847771309663784,3.1652021007050735,1.0,1.0384743777770564,0.1,1.0
clean_seed104,none,104,42,3,3,False,True,0.5836826355934963,3.047934709261157,1.0,0.9992738124820074,0.1,1.0
clean_seed104,none,104,42,5,5,False,True,0.6312586002962469,3.036605196979318,0.9999999999999999,0.9955594005895757,0.1,1.0
clean_seed104,none,104,42,6,6,False,True,0.5923272089911277,2.9651153650081516,1.0,0.9721212617310033,0.1,1.0
clean_seed104,none,104,42,9,9,False,True,0.6147595205261476,2.948431482639301,1.0,0.9666514048173807,0.1,1.0
clean_seed104,none,104,43,0,0,False,True,0.6021471648062695,3.134523901433266,1.0,0.9967949433638996,0.1,1.0
clean_seed104,none,104,43,12,12,False,True,0.5871319559779878,3.1446025306419982,1.0,1.0032153620535877,0.1,1.0
clean_seed104,none,104,43,15,15,False,True,0.5998995790599057,3.275352767863381,1.0,1.0449283115581671,0.1,1.0
clean_seed104,none,104,43,17,17,False,True,0.6003628720453159,3.1183354483809804,1.0,0.9916469308902912,0.1,1.0
clean_seed104,none,104,43,2,2,False,True,0.6071357130470053,3.2541528742047365,0.9999999999999999,1.0381649579117167,0.1,1.0
clean_seed104,none,104,43,3,3,False,True,0.5910100154083541,3.0075759208029362,1.0,0.9564248236450135,0.1,1.0
clean_seed104,none,104,43,4,4,False,True,0.5924421185003927,3.157259072688985,0.9999999999999999,1.0072531497511705,0.1,1.0
clean_seed104,none,104,43,6,6,False,True,0.5963304136112103,2.9554777655821787,0.9999999999999999,0.9398573386566574,0.1,1.0
clean_seed104,none,104,43,7,7,False,True,0.5920652310066868,3.2229768763777016,1.0,1.0282189505410981,0.1,1.0
clean_seed104,none,104,43,9,9,False,True,0.6174221104717356,2.9408163705426715,1.0,0.9351949385928523,0.1,1.0
clean_seed104,none,104,44,1,1,False,True,0.5983801029897267,3.2329957344791196,0.9999999999999999,1.032384832491848,0.1,1.0
clean_seed104,none,104,44,13,13,False,True,0.6060426469217473,3.0254984213473493,1.0,0.9653198960680943,0.1,1.0
clean_seed104,none,104,44,14,14,False,True,0.59337412845764,3.2437408791379165,0.9999999999999999,1.0358160539594077,0.1,1.0
clean_seed104,none,104,44,16,16,False,True,0.5931278056916683,2.9623155477824237,1.0,0.9451606771729094,0.1,1.0
clean_seed104,none,104,44,2,2,False,True,0.610338924060467,3.2082460758492823,1.0,1.0244815829124263,0.1,1.0
clean_seed104,none,104,44,3,3,False,True,0.6019185406673584,2.9921919378001545,0.9999999999999999,0.9546930813226898,0.1,1.0
clean_seed104,none,104,44,4,4,False,True,0.5863129205695651,3.1315800394661917,1.0,0.9991664503596721,0.1,1.0
clean_seed104,none,104,44,5,5,False,True,0.6204589676706759,3.0293014784113748,1.0,0.9665333049477298,0.1,1.0
clean_seed104,none,104,44,7,7,False,True,0.6027195496589751,3.1341925445344065,0.9999999999999999,1.0008342450249683,0.1,1.0
clean_seed104,none,104,44,8,8,False,True,0.6029910461028912,3.1462005459519746,1.0,1.0046687315353675,0.1,1.0
clean_seed104,none,104,45,1,1,False,True,0.5991434254207088,3.2347571521784206,1.0,1.0396472284381713,0.1,1.0
clean_seed104,none,104,45,10,10,False,True,0.576638110086553,3.3366130996172947,1.0,1.0723836128012003,0.1,1.0
clean_seed104,none,104,45,11,11,False,True,0.587995366575761,3.2647981699871784,0.9999999999999999,1.0493023770119378,0.1,1.0
clean_seed104,none,104,45,15,15,False,True,0.6093554376852552,3.274025194594599,1.0,1.0522679321088253,0.1,1.0
clean_seed104,none,104,45,16,16,False,True,0.5663158166973137,3.085681331258447,1.0,0.9901956043493403,0.1,1.0
clean_seed104,none,104,45,17,17,False,True,0.6078972304705641,3.1113988126894663,1.0,0.998448348017315,0.1,1.0
clean_seed104,none,104,45,3,3,False,True,0.5941455662447834,2.8982535072532216,1.0,0.9300499873724096,0.1,1.0
clean_seed104,none,104,45,4,4,False,True,0.5948546133068799,3.032505416772264,1.0,0.9731314453747644,0.1,1.0
clean_seed104,none,104,45,6,6,False,True,0.5853884365897084,2.988767646755256,0.9999999999999999,0.9590959883830924,0.1,1.0
clean_seed104,none,104,45,7,7,False,True,0.5975596847634567,3.1162341235457767,1.0,1.0015540633481603,0.1,1.0
clean_seed104,none,104,46,10,10,False,True,0.5794890255510652,3.2511064180526885,1.0,1.0644278189350822,0.1,1.0
clean_seed104,none,104,46,11,11,False,True,0.5960474077514513,3.122214240178769,1.0,1.0222279023127574,0.1,1.0
clean_seed104,none,104,46,12,12,False,True,0.5981180286342858,3.1179104943736107,0.9999999999999999,1.020818835314766,0.1,1.0
clean_seed104,none,104,46,13,13,False,True,0.5923069581756966,3.029242639970006,1.0,0.9715617704345236,0.1,1.0
clean_seed104,none,104,46,14,14,False,True,0.6011967395420023,3.147230689883358,0.9999999999999999,1.030418407812268,0.1,1.0
clean_seed104,none,104,46,19,19,False,True,0.5897609992984557,3.2210914457162296,1.0,1.0546007731754943,0.1,1.0
clean_seed104,none,104,46,4,4,False,True,0.5844011455406436,3.054323045883272,0.9999999999999999,0.9796057492333136,0.1,1.0
clean_seed104,none,104,46,5,5,False,True,0.6178551468482203,3.0358436393695527,0.9999999999999999,0.9736788932356619,0.1,1.0
clean_seed104,none,104,46,6,6,False,True,0.5902211490347429,2.89413042235118,1.0,0.9282275509748434,0.1,1.0
clean_seed104,none,104,46,9,9,False,True,0.6074725297319719,3.044965049257395,1.0,0.9766043812842452,0.1,1.0
clean_seed104,none,104,47,10,10,False,True,0.5930323927480663,3.2833894954438776,0.9999999999999999,1.086202792762975,0.1,1.0
clean_seed104,none,104,47,12,12,False,True,0.6000607571560392,3.1639488681512646,1.0,1.0466897398295278,0.1,1.0
clean_seed104,none,104,47,15,15,False,True,0.5998675347405759,3.2311363398792787,1.0,1.0689165330658832,0.1,1.0
clean_seed104,none,104,47,16,16,False,True,0.5611062041874233,3.022814448020261,1.0,0.9875537062974726,0.1,1.0
clean_seed104,none,104,47,3,3,False,True,0.5938895857096053,2.934919399489468,1.0,0.958838387367252,0.1,1.0
clean_seed104,none,104,47,4,4,False,True,0.5796036449990949,2.9449221328562,1.0,0.9621062811064429,0.1,1.0
clean_seed104,none,104,47,5,5,False,True,0.603393497474993,3.06091145093604,0.9999999999999999,1.0126031562872575,0.1,1.0
clean_seed104,none,104,47,6,6,False,True,0.5762444529337092,2.778926435426878,1.0,0.907875474338557,0.1,1.0
clean_seed104,none,104,47,8,8,False,True,0.5953244090209983,3.1852721399688937,1.0,1.0537438518778524,0.1,1.0
clean_seed104,none,104,47,9,9,False,True,0.5959927240040516,2.9171324994762204,1.0,0.9530274058023301,0.1,1.0
clean_seed104,none,104,48,10,10,False,True,0.6008788472043185,3.2311602711578415,1.0,1.0417366380392683,0.1,1.0
clean_seed104,none,104,48,11,11,False,True,0.5939750894423014,3.237397688865684,1.0,1.04374760190603,0.1,1.0
clean_seed104,none,104,48,13,13,False,True,0.5955015551915626,3.1017055109432015,0.9999999999999999,0.9964575358109878,0.1,1.0
clean_seed104,none,104,48,14,14,False,True,0.585796807931319,3.1691215942933453,1.0,1.0217351657377824,0.1,1.0
clean_seed104,none,104,48,15,15,False,True,0.6002030481657734,3.1127322534811417,1.0,1.0035550578541503,0.1,1.0
clean_seed104,none,104,48,2,2,False,True,0.61440190606932,3.1493767043916625,0.9999999999999999,1.0153693486632664,0.1,1.0
clean_seed104,none,104,48,3,3,False,True,0.6076565259105499,3.023579399431901,1.0,0.9713586499611279,0.1,1.0
clean_seed104,none,104,48,5,5,False,True,0.5959131423289833,2.999742238050479,1.0,0.9637006956495214,0.1,1.0
clean_seed104,none,104,48,6,6,False,True,0.5724213948846526,2.927882711467028,1.0,0.940615020194112,0.1,1.0
clean_seed104,none,104,48,9,9,False,True,0.5945715238535011,2.947756205436135,1.0,0.9469996020825417,0.1,1.0
clean_seed104,none,104,49,0,0,False,True,0.5928087430846398,3.1855554849517778,1.0,1.027357973124659,0.1,1.0
clean_seed104,none,104,49,10,10,False,True,0.5995647358466262,3.3184069597502113,1.0,1.0702032547467453,0.1,1.0
clean_seed104,none,104,49,11,11,False,True,0.579110969000924,3.0808311078745216,1.0,0.9870716993479565,0.1,1.0
clean_seed104,none,104,49,12,12,False,True,0.5865880548513501,3.2184803610942225,0.9999999999999998,1.0379764144542392,0.1,1.0
clean_seed104,none,104,49,14,14,False,True,0.5767310299100448,3.100725908869979,1.0,0.9934458218944935,0.1,1.0
clean_seed104,none,104,49,16,16,False,True,0.5660682249532824,3.1211826961604396,1.0,1.0065974187631166,0.1,1.0
clean_seed104,none,104,49,18,18,False,True,0.6058570959227931,3.26231524642246,1.0,1.0521133896711852,0.1,1.0
clean_seed104,none,104,49,3,3,False,True,0.6072720967891668,2.7902279255059654,1.0,0.8939649476265512,0.1,1.0
clean_seed104,none,104,49,4,4,False,True,0.5823318790311581,3.017802249727826,0.9999999999999999,0.9668777971376721,0.1,1.0
clean_seed104,none,104,49,5,5,False,True,0.5913634910080445,2.991264249080346,1.0,0.9583752507535318,0.1,1.0
clean_seed104,none,104,50,0,0,False,True,0.5955987983811044,3.070347815520777,1.0,0.9864394520324274,0.1,1.0
clean_seed104,none,104,50,1,1,False,True,0.5947598441231089,3.38142282410037,1.0,1.1013158857791587,0.1,1.0
clean_seed104,none,104,50,11,11,False,True,0.5771865837341422,3.063518113420075,1.0,0.9842452095548472,0.1,1.0
clean_seed104,none,104,50,13,13,False,True,0.5782662071352159,3.1125557774425316,0.9999999999999999,1.0137469643368713,0.1,1.0
clean_seed104,none,104,50,18,18,False,True,0.604857501282079,3.1820481370629743,0.9999999999999999,1.036380347847741,0.1,1.0
clean_seed104,none,104,50,19,19,False,True,0.5910166346468686,3.21670879617427,1.0,1.0476691858536777,0.1,1.0
clean_seed104,none,104,50,5,5,False,True,0.5797720424989274,2.9432598034125887,1.0,0.9456086939045806,0.1,1.0
clean_seed104,none,104,50,6,6,False,True,0.5871762300701517,2.9458794171998037,1.0,0.9464503218060627,0.1,1.0
clean_seed104,none,104,50,8,8,False,True,0.6064967068488188,3.238969125250528,1.0,1.0549192859771004,0.1,1.0
clean_seed104,none,104,50,9,9,False,True,0.5895180112277655,2.927167805227472,0.9999999999999999,0.9404386666550324,0.1,1.0
clean_seed104,none,104,51,1,1,False,True,0.5902647215874334,3.324592147278955,1.0,1.0621878704416303,0.1,1.0
clean_seed104,none,104,51,10,10,False,True,0.6023485192197151,3.205862246563541,1.0,1.0242543571528286,0.1,1.0
clean_seed104,none,104,51,11,11,False,True,0.5775075104729261,3.049413860226517,1.0,0.9735361368374387,0.1,1.0
clean_seed104,none,104,51,15,15,False,True,0.6078381727469032,3.1323067987313027,1.0,1.0007538190323102,0.1,1.0
clean_seed104,none,104,51,16,16,False,True,0.5940528222875006,3.0726156817034505,0.9999999999999999,0.9809434002275801,0.1,1.0
clean_seed104,none,104,51,17,17,False,True,0.5923343305426574,3.129947384822494,0.9999999999999999,0.9992467487827934,0.1,1.0
clean_seed104,none,104,51,18,18,False,True,0.6079058601893572,3.1219872323116262,1.0,0.9967054420008103,0.1,1.0
clean_seed104,none,104,51,19,19,False,True,0.6082417683252854,3.1451797508534276,0.9999999999999999,1.0048666524251486,0.1,1.0
clean_seed104,none,104,51,2,2,False,True,0.6186223515648804,3.2334651367911063,1.0,1.033073320168442,0.1,1.0
clean_seed104,none,104,51,4,4,False,True,0.5808352657542581,2.9709449760084765,0.9999999999999999,0.9484846686192477,0.1,1.0
clean_seed104,none,104,52,11,11,False,True,0.576583291645549,3.0233831300660214,0.9999999999999999,0.9638717228800687,0.1,1.0
clean_seed104,none,104,52,12,12,False,True,0.5955393399227845,3.136706947924657,0.9999999999999999,1.0024848127843033,0.1,1.0
clean_seed104,none,104,52,14,14,False,True,0.5858761122232531,3.2002535877590215,0.9999999999999999,1.0227941825772235,0.1,1.0
clean_seed104,none,104,52,15,15,False,True,0.6007613740084493,3.128932137348556,1.0,0.997521346206331,0.1,1.0
clean_seed104,none,104,52,16,16,False,True,0.5931158416347772,2.9187466222543255,1.0,0.9305130095705814,0.1,1.0
clean_seed104,none,104,52,18,18,False,True,0.6112639056453152,3.0154954644094225,1.0,0.9613570902454143,0.1,1.0
clean_seed104,none,104,52,19,19,False,True,0.6045050148298875,3.181000136662931,0.9999999999999999,1.0166408209027176,0.1,1.0
clean_seed104,none,104,52,5,5,False,True,0.5881833818008848,2.8742369382500326,1.0,0.9163230693743057,0.1,1.0
clean_seed104,none,104,52,7,7,False,True,0.6052781794499679,3.229086544888025,0.9999999999999999,1.0320091338332251,0.1,1.0
clean_seed104,none,104,52,8,8,False,True,0.6088104812705212,3.262103588083336,1.0,1.0425613100217728,0.1,1.0
clean_seed104,none,104,53,0,0,False,True,0.5930679684364574,3.115688610342595,1.0,1.019529567154176,0.1,1.0
clean_seed104,none,104,53,1,1,False,True,0.6031874885390447,3.2051451839995027,0.9999999999999999,1.0488019474288832,0.1,1.0
clean_seed104,none,104,53,10,10,False,True,0.5927722833605442,3.176520942568171,0.9999999999999999,1.0394353950783923,0.1,1.0
clean_seed104,none,104,53,12,12,False,True,0.5939801215994409,3.2260237774126037,1.0,1.0556339341796086,0.1,1.0
clean_seed104,none,104,53,13,13,False,True,0.5745431481775749,3.056006133337997,0.9999999999999999,0.9808445308666338,0.1,1.0
clean_seed104,none,104,53,15,15,False,True,0.5973604176660657,2.9628821390154405,1.0,0.9509557948699012,0.1,1.0
clean_seed104,none,104,53,18,18,False,True,0.6123572258484531,2.993853432483593,1.0,0.9608962277377247,0.1,1.0
clean_seed104,none,104,53,3,3,False,True,0.6066802674666876,2.927229761949018,1.0,0.9395129385626074,0.1,1.0
clean_seed104,none,104,53,7,7,False,True,0.5891212987783099,3.1888050731243487,0.9999999999999999,1.043455063240105,0.1,1.0
clean_seed104,none,104,53,9,9,False,True,0.5851492218338259,2.931311721748894,1.0,0.9408230694230296,0.1,1.0
clean_seed104,none,104,54,10,10,False,True,0.5697627501773554,3.2517411127572466,0.9999999999999999,1.0461216203817845,0.1,1.0
clean_seed104,none,104,54,12,12,False,True,0.6039764756738087,3.1968994860886455,0.9999999999999999,1.0284784534242883,0.1,1.0
clean_seed104,none,104,54,13,13,False,True,0.5817664974528471,3.0514936791242095,1.0,0.9545166159908464,0.1,1.0
clean_seed104,none,104,54,16,16,False,True,0.6078733377030412,2.8728235959403694,0.9999999999999999,0.8986280639855907,0.1,1.0
clean_seed104,none,104,54,18,18,False,True,0.6124166068907742,3.0066332469679775,1.0,0.9404841347222163,0.1,1.0
clean_seed104,none,104,54,19,19,False,True,0.6135375675723593,3.108377696630069,1.0,0.9723101117680489,0.1,1.0
clean_seed104,none,104,54,2,2,False,True,0.6170720688782232,3.2234978755171793,0.9999999999999999,1.037035453899929,0.1,1.0
clean_seed104,none,104,54,7,7,False,True,0.5914594748664863,3.26847456444699,1.0,1.0515049596419666,0.1,1.0
clean_seed104,none,104,54,8,8,False,True,0.6154447032443691,3.243469626255345,1.0,1.0434605903174943,0.1,1.0
clean_seed104,none,104,54,9,9,False,True,0.5803225234532882,2.93229221273136,1.0,0.9172300303751407,0.1,1.0
clean_seed104,none,104,55,0,0,False,True,0.5925567198740739,3.009616956533372,0.9999999999999999,0.9863818296162726,0.1,1.0
clean_seed104,none,104,55,1,1,False,True,0.5988685405271849,3.2896121014090847,0.9999999999999999,1.093033481974472,0.1,1.0
clean_seed104,none,104,55,10,10,False,True,0.5788683977093134,3.1814163912698588,0.9999999999999999,1.0570834884364733,0.1,1.0
clean_seed104,none,104,55,11,11,False,True,0.5764151375730519,2.976786631588895,1.0,0.9756219101802357,0.1,1.0
clean_seed104,none,104,55,15,15,False,True,0.5999521595364417,3.255330489134946,1.0,1.0816427924717036,0.1,1.0
clean_seed104,none,104,55,18,18,False,True,0.6109153065719004,2.9882863817614833,1.0,0.9793908763906178,0.1,1.0
clean_seed104,none,104,55,19,19,False,True,0.6121461567152765,3.0511682861232234,0.9999999999999999,1.013806185368424,0.1,1.0
clean_seed104,none,104,55,2,2,False,True,0.6162576187803983,3.0590751293463896,0.9999999999999999,1.0164333779106516,0.1,1.0
clean_seed104,none,104,55,3,3,False,True,0.6122770304003095,2.9621143454711474,1.0,0.9708131665312939,0.1,1.0
clean_seed104,none,104,55,9,9,False,True,0.5781348579786008,2.862954537592069,1.0,0.9383142026655316,0.1,1.0
clean_seed104,none,104,56,1,1,False,True,0.6013572354069632,3.216409452318915,1.0,1.0268970393662986,0.1,1.0
clean_seed104,none,104,56,12,12,False,True,0.6133950907389142,3.2477822214906418,1.0,1.0369133647927589,0.1,1.0
clean_seed104,none,104,56,15,15,False,True,0.60409349333204,3.1321635266411625,1.0,0.9945985044888822,0.1,1.0
clean_seed104,none,104,56,16,16,False,True,0.6070873993789017,2.930086637613666,0.9999999999999999,0.9304302802218548,0.1,1.0
clean_seed104,none,104,56,17,17,False,True,0.5792927671391933,3.4052119421273996,0.9999999999999999,1.0871756577087295,0.1,1.0
clean_seed104,none,104,56,19,19,False,True,0.6080463899226269,2.991798242996127,1.0,0.9500264059991139,0.1,1.0
clean_seed104,none,104,56,2,2,False,True,0.6155751016143932,3.149173774648657,1.0,1.005430830115609,0.1,1.0
clean_seed104,none,104,56,6,6,False,True,0.6058390833096282,3.11017100831059,1.0,0.9876149208874894,0.1,1.0
clean_seed104,none,104,56,7,7,False,True,0.5859577839408956,3.325969100998153,1.0,1.0618759438032348,0.1,1.0
clean_seed104,none,104,56,9,9,False,True,0.5808434639029398,2.8118811310720138,1.0,0.8928948772875279,0.1,1.0
clean_seed104,none,104,57,11,11,False,True,0.5864280397989373,3.187983151860947,1.0,1.0312150716703075,0.1,1.0
clean_seed104,none,104,57,13,13,False,True,0.5889586172970388,3.127774729902794,0.9999999999999999,1.0117394881407993,0.1,1.0
clean_seed104,none,104,57,14,14,False,True,0.5873340621921259,3.1781594693981754,1.0,1.0280374107692454,0.1,1.0
clean_seed104,none,104,57,15,15,False,True,0.593683508874017,2.9979424663063163,1.0,0.958490532468586,0.1,1.0
clean_seed104,none,104,57,17,17,False,True,0.5695220170265389,3.2190052073845825,0.9999999999999999,1.0412497580805828,0.1,1.0
clean_seed104,none,104,57,2,2,False,True,0.6105836945135141,2.941398372553514,1.0,0.9404124742209066,0.1,1.0
clean_seed104,none,104,57,4,4,False,True,0.5682464413675079,3.0914823099872084,1.0,0.9883967283293725,0.1,1.0
clean_seed104,none,104,57,7,7,False,True,0.5739265888973402,3.0553225503940586,0.9999999999999999,0.9768358703022749,0.1,1.0
clean_seed104,none,104,57,8,8,False,True,0.6095742202631305,3.2023592169393824,1.0,1.0358652891507676,0.1,1.0
clean_seed104,none,104,57,9,9,False,True,0.589802685197176,2.8825810024098555,1.0,0.9216076128664936,0.1,1.0
clean_seed104,none,104,58,0,0,False,True,0.5987913246259614,3.119046419038646,1.0,1.0031547724384164,0.1,1.0
clean_seed104,none,104,58,1,1,False,True,0.5932956109904667,3.1685280075327285,0.9999999999999999,1.0190691529819966,0.1,1.0
clean_seed104,none,104,58,10,10,False,True,0.5757490478433032,3.3235646512768033,1.0,1.068932389426756,0.1,1.0
clean_seed104,none,104,58,13,13,False,True,0.5759127997755384,3.0295092051062507,0.9999999999999999,0.9712934012825649,0.1,1.0
clean_seed104,none,104,58,14,14,False,True,0.5896587586501677,3.1092374823249163,1.0,0.9968551488513104,0.1,1.0
clean_seed104,none,104,58,18,18,False,True,0.6129335644844952,3.030153206695502,1.0,0.9714998751539765,0.1,1.0
clean_seed104,none,104,58,3,3,False,True,0.612401665545913,2.8718394756623913,1.0,0.9207427815542262,0.1,1.0
clean_seed104,none,104,58,4,4,False,True,0.5767639515291536,3.0374441802245378,1.0,0.9738374400855311,0.1,1.0
clean_seed104,none,104,58,5,5,False,True,0.5853717342169332,3.1715373225888674,1.0,1.0200370157050103,0.1,1.0
clean_seed104,none,104,58,8,8,False,True,0.6033567230504825,3.213092880481648,0.9999999999999999,1.0334022083379346,0.1,1.0
clean_seed104,none,104,59,11,11,False,True,0.5987377497835867,3.0383562732898506,1.0,0.9952947251639194,0.1,1.0
clean_seed104,none,104,59,14,14,False,True,0.5972887650445124,3.234367863547464,0.9999999999999998,1.0645123786110104,0.1,1.0
clean_seed104,none,104,59,16,16,False,True,0.6184732602151156,3.0527201606433216,1.0,1.0047275191127991,0.1,1.0
clean_seed104,none,104,59,17,17,False,True,0.5686877879565995,3.1641943020271923,1.0,1.0414164822748346,0.1,1.0
clean_seed104,none,104,59,18,18,False,True,0.602320311341593,2.853322084531787,0.9999999999999998,0.9346818359958962,0.1,1.0
clean_seed104,none,104,59,5,5,False,True,0.579392843059609,3.0262614469631663,1.0,0.9913327418538818,0.1,1.0
clean_seed104,none,104,59,6,6,False,True,0.5937349485046373,2.9897142940756454,1.0,0.9793607460716613,0.1,1.0
clean_seed104,none,104,59,7,7,False,True,0.5775226110140189,3.1166016185326324,1.0,1.0257525247880361,0.1,1.0
clean_seed104,none,104,59,8,8,False,True,0.5962025943425016,3.089728446132095,0.9999999999999999,1.016907883151774,0.1,1.0
clean_seed104,none,104,59,9,9,False,True,0.5928555662032663,2.757213329861046,1.0,0.9031988471815899,0.1,1.0
clean_seed104,none,104,60,0,0,False,True,0.5926381113284395,3.196526724149454,1.0,1.0568296794655385,0.1,1.0
clean_seed104,none,104,60,1,1,False,True,0.5887845429173316,3.0505303046372942,0.9999999999999999,1.0085606166510528,0.1,1.0
clean_seed104,none,104,60,10,10,False,True,0.5752237855462279,3.210160374220608,1.0,1.061337211320595,0.1,1.0
clean_seed104,none,104,60,11,11,False,True,0.5953500904982557,2.844965517038905,1.0,0.9371525084735263,0.1,1.0
clean_seed104,none,104,60,12,12,False,True,0.6153657984350406,3.164367102313017,0.9999999999999999,1.0461971255186673,0.1,1.0
clean_seed104,none,104,60,18,18,False,True,0.5949717492014029,3.0014219762858994,0.9999999999999999,0.9886904137212549,0.1,1.0
clean_seed104,none,104,60,4,4,False,True,0.5756913385162901,2.9978651465126425,1.0,0.9875187679054243,0.1,1.0
clean_seed104,none,104,60,6,6,False,True,0.587468605856829,3.0246375421307303,0.9999999999999999,0.9963377913913225,0.1,1.0
clean_seed104,none,104,60,7,7,False,True,0.5796727205852028,3.035755110630719,1.0,1.0036756696778142,0.1,1.0
clean_seed104,none,104,60,9,9,False,True,0.5831508911190735,2.747696274933751,1.0,0.9051113066768024,0.1,1.0
lie_seed44,lie,44,1,1,1,False,False,,3.5399748873946395,1.0,0.9779795770552366,0.1,1.0
lie_seed44,lie,44,1,10,10,False,False,,3.61157460490933,1.0,0.9977602432123989,0.1,1.0
lie_seed44,lie,44,1,12,12,False,False,,3.589310134599908,1.0,0.9916092963980296,0.1,1.0
lie_seed44,lie,44,1,13,13,False,False,,3.7354629315797436,1.0,1.034303133736185,0.1,1.0
lie_seed44,lie,44,1,14,14,False,False,,3.5552756206991387,0.9999999999999999,0.9822066705126092,0.1,1.0
lie_seed44,lie,44,1,16,16,False,False,,3.534757122578322,1.0,0.9765380788552335,0.1,1.0
lie_seed44,lie,44,1,2,2,False,False,,3.6655650109071827,1.0,1.0149492705825491,0.1,1.0
lie_seed44,lie,44,1,3,3,False,False,,3.6381715945282047,1.0,1.0073643749689458,0.1,1.0
lie_seed44,lie,44,1,5,5,False,False,,3.6196818118163017,1.0,1.0022447845590539,0.1,1.0
lie_seed44,lie,44,1,8,8,False,False,,3.7077650000437496,0.9999999999999999,1.0266339216705271,0.1,1.0
lie_seed44,lie,44,2,1,1,False,False,,3.2782446587867224,1.0,0.9968271290197925,0.1,1.0
lie_seed44,lie,44,2,13,13,False,False,,3.380003475615147,1.0,1.0310406413858342,0.1,1.0
lie_seed44,lie,44,2,15,15,False,False,,3.2768785316373115,0.9999999999999999,0.9964117260386351,0.1,1.0
lie_seed44,lie,44,2,17,17,False,False,,3.210348469448152,1.0,0.9761817011965989,0.1,1.0
lie_seed44,lie,44,2,2,2,False,False,,3.3223697423449954,1.0,1.013459972683858,0.1,1.0
lie_seed44,lie,44,2,4,4,False,False,,3.339314312778403,1.0,1.0186287664125357,0.1,1.0
lie_seed44,lie,44,2,5,5,False,False,,3.2886792136268506,1.0,1.0031829701337758,0.1,1.0
lie_seed44,lie,44,2,7,7,False,False,,3.209764105068098,0.9999999999999999,0.9760040115096168,0.1,1.0
lie_seed44,lie,44,2,8,8,False,False,,3.271211567420171,1.0,0.994688552737433,0.1,1.0
lie_seed44,lie,44,2,9,9,False,False,,3.412437099657381,1.0,1.0409342361043679,0.1,1.0
lie_seed44,lie,44,3,10,10,False,False,,3.039378332947237,1.0,1.0271854839188157,0.1,1.0
lie_seed44,lie,44,3,11,11,False,False,,2.886496624683591,1.0,0.97332851865228,0.1,1.0
lie_seed44,lie,44,3,14,14,False,False,,2.8713608238274273,0.9999999999999999,0.9682247168671106,0.1,1.0
lie_seed44,lie,44,3,17,17,False,False,,3.0195468459905035,1.0,1.0204832529705778,0.1,1.0
lie_seed44,lie,44,3,18,18,False,False,,2.958938166991714,1.0,0.9977558533183586,0.1,1.0
lie_seed44,lie,44,3,19,19,False,False,,3.0054572707345604,1.0,1.0157215531780244,0.1,1.0
lie_seed44,lie,44,3,2,2,False,False,,2.9750165833689564,0.9999999999999999,1.005433846694265,0.1,1.0
lie_seed44,lie,44,3,4,4,False,False,,2.9655933935649808,1.0,1.0022491942033493,0.1,1.0
lie_seed44,lie,44,3,7,7,False,False,,2.948083528608712,1.0,0.9940956622731008,0.1,1.0
lie_seed44,lie,44,3,8,8,False,False,,2.947876087794608,1.0,0.9940257130971436,0.1,1.0
lie_seed44,lie,44,4,0,0,False,False,,2.9334458677237683,0.9999999999999998,1.012401812938755,0.1,1.0
lie_seed44,lie,44,4,10,10,False,False,,2.897511472454491,1.0,0.9964352321418323,0.1,1.0
lie_seed44,lie,44,4,13,13,False,False,,2.934166205543767,1.0,1.0126504186222345,0.1,1.0
lie_seed44,lie,44,4,14,14,False,False,,2.8627812711940184,1.0,0.9844917432258087,0.1,1.0
lie_seed44,lie,44,4,16,16,False,False,,2.9442906449505153,1.0,1.0161446030294394,0.1,1.0
lie_seed44,lie,44,4,17,17,False,False,,2.9302523837045147,1.0,1.0112996657860647,0.1,1.0
lie_seed44,lie,44,4,19,19,False,False,,2.9078773802751887,0.9999999999999999,1.0035775208896471,0.1,1.0
lie_seed44,lie,44,4,4,4,False,False,,2.8917964106048997,1.0,0.99446985977491,0.1,1.0
lie_seed44,lie,44,4,6,6,False,False,,2.879201879752703,1.0,0.9901386830417959,0.1,1.0
lie_seed44,lie,44,4,7,7,False,False,,2.886586650604718,0.9999999999999999,0.9926782574069695,0.1,1.0
lie_seed44,lie,44,5,1,1,False,False,,2.8210653202091573,1.0,0.9484952154788272,0.1,1.0
lie_seed44,lie,44,5,10,10,False,False,,2.9780728916783143,0.9999999999999999,1.002787235301683,0.1,1.0
lie_seed44,lie,44,5,12,12,False,False,,2.9742536115851714,1.0000000000000002,1.0015011938027836,0.1,1.0
lie_seed44,lie,44,5,13,13,False,False,,2.9958923726822695,0.9999999999999999,1.0087874739595073,0.1,1.0
lie_seed44,lie,44,5,15,15,False,False,,2.918578337476555,1.0,0.9812809257785708,0.1,1.0
lie_seed44,lie,44,5,16,16,False,False,,3.004291268339362,1.0,1.0116155798057738,0.1,1.0
lie_seed44,lie,44,5,17,17,False,False,,2.989274484997996,1.0,1.0065590754159413,0.1,1.0
lie_seed44,lie,44,5,3,3,False,False,,2.9685073534600557,1.0,0.9980679999503965,0.1,1.0
lie_seed44,lie,44,5,6,6,False,False,,2.9444528482839143,1.0,0.9899804229252076,0.1,1.0
lie_seed44,lie,44,5,9,9,False,False,,2.969795373175425,0.9999999999999998,0.9985010564020564,0.1,1.0
lie_seed44,lie,44,6,1,1,False,False,,3.0212392319756676,1.0,1.017722183386794,0.1,1.0
lie_seed44,lie,44,6,14,14,False,False,,2.990178188026097,1.0,1.0072590882660681,0.1,1.0
lie_seed44,lie,44,6,15,15,False,False,,2.9548575569116253,1.0,0.9881877838398025,0.1,1.0
lie_seed44,lie,44,6,17,17,False,True,0.528324978896559,2.9483343501378747,0.9999999999999998,0.9860062393419288,0.1,1.0
lie_seed44,lie,44,6,2,2,False,False,,3.012498285927847,1.0,1.0147777443624018,0.1,1.0
lie_seed44,lie,44,6,4,4,False,False,,3.037191907634314,1.0,1.023095935895483,0.1,1.0
lie_seed44,lie,44,6,6,6,False,False,,3.0621602783521245,1.0,1.0315066782470326,0.1,1.0
lie_seed44,lie,44,6,7,7,False,False,,2.912252378745057,0.9999999999999999,0.9739394094997125,0.1,1.0
lie_seed44,lie,44,6,8,8,False,False,,2.908616111608342,1.0,0.9727233391159218,0.1,1.0
lie_seed44,lie,44,6,9,9,False,False,,2.968628650622053,0.9999999999999999,0.9927932263400431,0.1,1.0
lie_seed44,lie,44,7,0,0,False,False,,2.9820824781641866,0.9999999999999998,0.9871981987371282,0.1,1.0
lie_seed44,lie,44,7,14,14,False,True,0.4871319042922991,3.0645324372563354,1.0,1.0169880906830815,0.1,1.0
lie_seed44,lie,44,7,16,16,False,False,,3.0207535649670056,1.0,1.0024597433239508,0.1,1.0
lie_seed44,lie,44,7,17,17,False,True,0.542937392848354,2.9957833880152505,0.9999999999999999,0.9917337921102386,0.1,1.0
lie_seed44,lie,44,7,18,18,False,False,,2.971205576944231,1.0,0.983597474286746,0.1,1.0
lie_seed44,lie,44,7,2,2,False,True,0.5005403464918651,3.0133415182846215,1.0,0.9975462921675091,0.1,1.0
lie_seed44,lie,44,7,3,3,False,False,,3.051079431051245,0.9999999999999999,1.0125236096000516,0.1,1.0
lie_seed44,lie,44,7,4,4,False,True,0.516563511372522,3.0711338888729873,1.0,1.0191788319504074,0.1,1.0
lie_seed44,lie,44,7,6,6,False,False,,2.9981452235660844,1.0,0.9925156617662824,0.1,1.0
lie_seed44,lie,44,7,9,9,False,False,,3.0512530839013814,1.0,1.012581237601751,0.1,1.0
lie_seed44,lie,44,8,0,0,False,False,,2.996618423396915,1.0,0.9878812604383016,0.1,1.0
lie_seed44,lie,44,8,13,13,False,True,0.5046204821665659,3.039041196875675,0.9999999999999999,1.0066245503105822,0.1,1.0
lie_seed44,lie,44,8,17,17,False,True,0.5556631307165822,3.008609073672368,1.0,0.9918341623543759,0.1,1.0
lie_seed44,lie,44,8,2,2,False,True,0.5345223250449145,2.999961469692758,1.0,0.9889833469644523,0.1,1.0
lie_seed44,lie,44,8,3,3,False,False,,3.0514425180148526,0.9999999999999999,1.0107322518869266,0.1,1.0
lie_seed44,lie,44,8,4,4,False,True,0.5262591401164225,3.0464379435294093,1.0000000000000002,1.009074581847414,0.1,1.0
lie_seed44,lie,44,8,6,6,False,True,0.5474425286520139,3.0608392933301283,0.9999999999999998,1.013844754848661,0.1,1.0
lie_seed44,lie,44,8,7,7,False,True,0.5101027531673482,2.9999419852368856,1.0,0.9889769236144936,0.1,1.0
lie_seed44,lie,44,8,8,8,False,True,0.4985442087496345,3.0190414051972154,1.0,0.9952733405746026,0.1,1.0
lie_seed44,lie,44,8,9,9,False,True,0.5151559509616502,3.0333791553727623,1.0,1.004749106835986,0.1,1.0
lie_seed44,lie,44,9,1,1,False,True,0.5111472490464571,3.047884344013851,1.0,0.9945676052555827,0.1,1.0
lie_seed44,lie,44,9,14,14,False,True,0.5119331501804785,3.051312678414389,1.0,0.9956863190747128,0.1,1.0
lie_seed44,lie,44,9,16,16,False,True,0.49189109041994206,3.101288208629999,1.0,1.012311585267186,0.1,1.0
lie_seed44,lie,44,9,17,17,False,True,0.5627786573470953,3.0850376480489654,1.0,1.0070071344594576,0.1,1.0
lie_seed44,lie,44,9,18,18,False,False,,3.0635707955584204,1.0,0.9996863154121153,0.1,1.0
lie_seed44,lie,44,9,3,3,False,True,0.49307740151282414,3.064532092044773,1.0000000000000002,1.000313783016781,0.1,1.0
lie_seed44,lie,44,9,5,5,False,False,,2.9882017933286775,1.0,0.9750923480572314,0.1,1.0
lie_seed44,lie,44,9,6,6,False,True,0.5674460239576974,3.0999439923460352,0.9999999999999998,1.0118728109173611,0.1,1.0
lie_seed44,lie,44,9,7,7,False,True,0.5446748707564699,3.052552129413664,0.9999999999999999,0.9960907693992803,0.1,1.0
lie_seed44,lie,44,9,8,8,False,True,0.5223418778174179,3.075111603538317,1.0,1.0037671099347951,0.1,1.0
lie_seed44,lie,44,10,1,1,False,True,0.5276986313401685,3.034837603298241,1.0,0.983848757091309,0.1,1.0
lie_seed44,lie,44,10,11,11,False,False,,3.0620265509553692,1.0,0.9926630054484582,0.1,1.0
lie_seed44,lie,44,10,14,14,False,True,0.5306199069331912,3.0392725430660446,1.0,0.985286497935691,0.1,1.0
lie_seed44,lie,44,10,15,15,False,False,,3.0924120207004164,1.0,1.009923320140894,0.1,1.0
lie_seed44,lie,44,10,16,16,False,True,0.5378216891589105,3.11814831810206,0.9999999999999999,1.0183283084626358,0.1,1.0
lie_seed44,lie,44,10,19,19,False,False,,3.0118434766963857,1.0,0.9763944066993641,0.1,1.0
lie_seed44,lie,44,10,4,4,False,True,0.5511666898056529,3.1002494041289457,1.0,1.0124828614440495,0.1,1.0
lie_seed44,lie,44,10,5,5,False,False,,3.055072293148571,1.0,0.9904085395448214,0.1,1.0
lie_seed44,lie,44,10,6,6,False,True,0.556044382987222,3.095191814859447,1.0,1.0108311483758134,0.1,1.0
lie_seed44,lie,44,10,9,9,False,True,0.5446202196962482,3.084658674846081,1.0,1.0073912239211806,0.1,1.0
lie_seed44,lie,44,11,10,10,False,True,0.5043105753345295,3.0835376903868026,1.0,,0.1,1.0
lie_seed44,lie,44,11,12,12,False,False,,3.120725075231788,1.0,,0.1,1.0
lie_seed44,lie,44,11,14,14,False,True,0.545029275935803,3.0889798633933245,1.0,,0.1,1.0
lie_seed44,lie,44,11,15,15,True,False,,0.0,0.0,0.0,0.1,1.0
lie_seed44,lie,44,11,16,16,True,False,,0.0,0.0,0.0,0.1,1.0
lie_seed44,lie,44,11,17,17,False,True,0.5873603016001331,3.0964703425247957,0.9999999999999999,,0.1,1.0
lie_seed44,lie,44,11,19,19,True,False,,0.0,0.0,0.0,0.1,1.0
lie_seed44,lie,44,11,5,5,True,False,,0.0,0.0,0.0,0.1,1.0
lie_seed44,lie,44,11,7,7,True,False,,0.0,0.0,0.0,0.1,1.0
lie_seed44,lie,44,11,9,9,False,True,0.5508552353603826,3.070772699868588,1.0,,0.1,1.0
lie_seed44,lie,44,12,10,10,False,True,0.5289190455536228,2.8487253779839876,1.0,0.9865768883781746,0.1,1.0
lie_seed44,lie,44,12,12,12,False,False,,2.9010498032138003,1.0,1.0072277432699492,0.1,1.0
lie_seed44,lie,44,12,14,14,False,True,0.5655952832002984,2.8593170659427805,0.9999999999999998,0.9902450252332805,0.1,1.0
lie_seed44,lie,44,12,15,15,True,False,,0.4681257010602203,0.9999999999999999,0.16212233060130363,0.1,1.0
lie_seed44,lie,44,12,17,17,False,True,0.5955725459418449,2.903774800402988,1.0,1.0081738465620205,0.1,1.0
lie_seed44,lie,44,12,2,2,False,True,0.5599126020630593,2.880232224139882,1.0,0.9974884091879095,0.1,1.0
lie_seed44,lie,44,12,4,4,False,True,0.5883087344881537,2.9083486410237325,0.9999999999999999,1.0097618576197434,0.1,1.0
lie_seed44,lie,44,12,6,6,False,True,0.5630089172704442,2.8874844034376106,1.0,1.0025179147837269,0.1,1.0
lie_seed44,lie,44,12,7,7,True,False,,0.4981543467628781,1.0,0.17252191775298073,0.1,1.0
lie_seed44,lie,44,12,8,8,False,True,0.5426557539038972,2.911614310699028,1.0,1.0108956792775685,0.1,1.0
lie_seed44,lie,44,13,0,0,False,False,,3.303095988633789,0.9999999999999999,1.0084253602992581,0.1,1.0
lie_seed44,lie,44,13,10,10,False,True,0.5600780017705124,3.275498731659792,1.0,0.9916450333054319,0.1,1.0
lie_seed44,lie,44,13,11,11,True,False,,0.19781371552415933,1.0,0.05988736512800468,0.1,1.0
lie_seed44,lie,44,13,12,12,False,True,0.5397759682810348,3.332558945208344,1.0,1.0174203131257626,0.1,1.0
lie_seed44,lie,44,13,17,17,False,True,0.6037400032101996,3.3202469041452547,1.0,1.0136614836858102,0.1,1.0
lie_seed44,lie,44,13,3,3,False,True,0.542871727853166,3.314523189284287,1.0,1.0119140505985542,0.1,1.0
lie_seed44,lie,44,13,5,5,True,False,,0.19781371552415933,1.0,0.05988736512800468,0.1,1.0
lie_seed44,lie,44,13,6,6,False,True,0.5855700113883535,3.320808614348438,0.9999999999999999,1.0138329721366388,0.1,1.0
lie_seed44,lie,44,13,7,7,True,False,,0.19781371552415933,1.0,0.05988736512800468,0.1,1.0
lie_seed44,lie,44,13,8,8,False,True,0.5910363691767924,3.2710713930968236,1.0,0.990304673056077,0.1,1.0
lie_seed44,lie,44,14,11,11,True,False,,6.894791335040379e-05,0.9999999999999999,2.0809149111836384e-05,0.1,1.0
lie_seed44,lie,44,14,12,12,False,True,0.5981809808678001,3.3575554951909403,1.0,1.0210793304153047,0.1,1.0
lie_seed44,lie,44,14,15,15,True,False,,6.894791335040379e-05,0.9999999999999999,2.0809149111836384e-05,0.1,1.0
lie_seed44,lie,44,14,16,16,True,False,,6.894791335040379e-05,0.9999999999999999,2.0809149111836384e-05,0.1,1.0
lie_seed44,lie,44,14,17,17,False,True,0.6191615748652057,3.288241564761984,0.9999999999999999,0.9924232034278031,0.1,1.0
lie_seed44,lie,44,14,3,3,False,True,0.5710122441386738,3.334380974859594,1.0,1.0140316364199202,0.1,1.0
lie_seed44,lie,44,14,4,4,False,True,0.5911331314518433,3.337127777080515,0.9999999999999999,1.0148669771839192,0.1,1.0
lie_seed44,lie,44,14,7,7,True,False,,6.894791335040379e-05,0.9999999999999999,2.0809149111836384e-05,0.1,1.0
lie_seed44,lie,44,14,8,8,False,True,0.611604433132579,3.3133461142428815,0.9999999999999999,1.0076346427068885,0.1,1.0
lie_seed44,lie,44,14,9,9,False,True,0.578630287192301,3.3167615992621657,0.9999999999999999,1.0086733392113927,0.1,1.0
lie_seed44,lie,44,15,1,1,False,True,0.5509262261756569,3.2928911521312036,0.9999999999999999,0.9979434776576113,0.1,1.0
lie_seed44,lie,44,15,10,10,False,True,0.5937806806949365,3.3131392219952103,1.0,1.0056479719775402,0.1,1.0
lie_seed44,lie,44,15,11,11,True,True,0.4274555820128103,0.20470610909720646,1.0,0.06203822627966567,0.1,1.0
lie_seed44,lie,44,15,13,13,False,True,0.5332317212058603,3.2996770116282836,1.0,1.001561743284234,0.1,1.0
lie_seed44,lie,44,15,15,15,True,False,,0.19327216579329615,1.0,0.05857305582097643,0.1,1.0
lie_seed44,lie,44,15,17,17,False,True,0.6540824465301545,3.344817227361496,1.0,1.0152633004374514,0.1,1.0
lie_seed44,lie,44,15,3,3,False,True,0.5942852127648937,3.3091309542622755,0.9999999999999999,1.0044313293776734,0.1,1.0
lie_seed44,lie,44,15,5,5,True,False,,0.20030215824938463,1.0,0.060703565089403104,0.1,1.0
lie_seed44,lie,44,15,8,8,False,True,0.636731305068104,3.294531798716942,0.9999999999999999,0.9984406919546339,0.1,1.0
lie_seed44,lie,44,15,9,9,False,True,0.5910462298989909,3.318327557231,1.0,1.0072228043217932,0.1,1.0
lie_seed44,lie,44,16,0,0,False,True,0.5569637147676126,3.3112670896264125,0.9999999999999999,1.0093202101464596,0.1,1.0
lie_seed44,lie,44,16,10,10,False,True,0.6447178304189753,3.2806903659899214,1.0,0.9926705110735566,0.1,1.0
lie_seed44,lie,44,16,11,11,True,True,0.447779078284765,4.797003709909547e-05,0.9999999999999999,1.4514762422270869e-05,0.1,1.0
lie_seed44,lie,44,16,13,13,False,True,0.5523155073743923,3.3453995211645573,1.0,1.0197242494584247,0.1,1.0
lie_seed44,lie,44,16,15,15,True,False,,4.797003709909547e-05,0.9999999999999999,1.4514762422270869e-05,0.1,1.0
lie_seed44,lie,44,16,19,19,True,False,,4.797003709909547e-05,0.9999999999999999,1.4514762422270869e-05,0.1,1.0
lie_seed44,lie,44,16,3,3,False,True,0.6139698384205476,3.316034409571665,1.0,1.0107733554949734,0.1,1.0
lie_seed44,lie,44,16,7,7,True,False,,4.797003709909547e-05,0.9999999999999999,1.4514762422270869e-05,0.1,1.0
lie_seed44,lie,44,16,8,8,False,True,0.6632393315845985,3.315031324193483,1.0,1.0104676011365064,0.1,1.0
lie_seed44,lie,44,16,9,9,False,True,0.6091246387397337,3.304913694315256,0.9999999999999999,1.0073836069921294,0.1,1.0
lie_seed44,lie,44,17,0,0,False,True,0.5744891458305776,3.3084605444932347,1.0,0.981844415783608,0.1,1.0
lie_seed44,lie,44,17,10,10,False,True,0.6392190031492976,3.368321605027486,1.0,0.9996092484657646,0.1,1.0
lie_seed44,lie,44,17,11,11,True,True,0.4731685147295201,0.5476941689367841,0.9999999999999999,0.1625379701815952,0.1,1.0
lie_seed44,lie,44,17,12,12,False,True,0.6403957194048824,3.440178778466659,1.0,1.0213332281964764,0.1,1.0
lie_seed44,lie,44,17,16,16,True,False,,0.5476941689367841,0.9999999999999999,0.1625379701815952,0.1,1.0
lie_seed44,lie,44,17,17,17,False,True,0.6584074967037867,3.3234377359816185,0.9999999999999999,0.9862891633117198,0.1,1.0
lie_seed44,lie,44,17,18,18,False,False,,3.3696382963616074,1.0,1.000390904280683,0.1,1.0
lie_seed44,lie,44,17,2,2,False,True,0.5760958369530891,3.4226114925785365,1.0,1.0161177862203,0.1,1.0
lie_seed44,lie,44,17,3,3,False,True,0.6407546459607256,3.3762040148262127,0.9999999999999999,1.0023401594987136,0.1,1.0
lie_seed44,lie,44,17,8,8,False,True,0.6635991578244027,3.3760637337055646,1.0,1.00229851231145,0.1,1.0
lie_seed44,lie,44,18,0,0,False,True,0.5967353428598209,3.3449546670603496,0.9999999999999999,0.985118856426165,0.1,1.0
lie_seed44,lie,44,18,1,1,False,True,0.5649744943624573,3.3954833421778634,1.0,1.0084495916673142,0.1,1.0
lie_seed44,lie,44,18,11,11,True,True,0.46236476896649137,0.2033950269519383,1.0,0.05990164181500025,0.1,1.0
lie_seed44,lie,44,18,13,13,False,True,0.5852115581330865,3.4056431343512386,1.0,1.0114670231302805,0.1,1.0
lie_seed44,lie,44,18,14,14,False,True,0.5845614831643422,3.4434376164794696,1.0,1.0226918845796216,0.1,1.0
lie_seed44,lie,44,18,16,16,True,False,,0.2033950269519383,1.0,0.05990164181500025,0.1,1.0
lie_seed44,lie,44,18,18,18,False,True,0.540535473662201,3.415030166229264,1.0,1.0142549468249056,0.1,1.0
lie_seed44,lie,44,18,4,4,False,True,0.6041729119311672,3.4324809090966477,0.9999999999999999,1.0194377714025744,0.1,1.0
lie_seed44,lie,44,18,5,5,True,False,,0.2033950269519383,1.0,0.05990164181500025,0.1,1.0
lie_seed44,lie,44,18,8,8,False,True,0.6596546964018697,3.367033285782744,1.0,0.991621205722991,0.1,1.0
lie_seed44,lie,44,19,0,0,False,True,0.6540440792151142,3.31130963881006,1.0,1.0062744887409267,0.1,1.0
lie_seed44,lie,44,19,13,13,False,True,0.6329192707553902,3.303148325365452,1.0,1.0037943457130223,0.1,1.0
lie_seed44,lie,44,19,16,16,True,False,,9.441648745097574e-05,1.0,2.8583786784848583e-05,0.1,1.0
lie_seed44,lie,44,19,18,18,False,True,0.5945743047512294,3.3732107716324604,1.0,1.025085635259296,0.1,1.0
lie_seed44,lie,44,19,19,19,True,False,,9.441648745097574e-05,1.0,2.8583786784848583e-05,0.1,1.0
lie_seed44,lie,44,19,2,2,False,True,0.5976026065993373,3.351871216886453,1.0,1.01860075408409,0.1,1.0
lie_seed44,lie,44,19,4,4,False,True,0.630317856294144,3.321919405943783,1.0,1.009498692805994,0.1,1.0
lie_seed44,lie,44,19,5,5,True,False,,9.441648745097574e-05,1.0,2.8583786784848583e-05,0.1,1.0
lie_seed44,lie,44,19,7,7,True,True,0.4506779283498928,9.441648745097574e-05,1.0,2.8583786784848583e-05,0.1,1.0
lie_seed44,lie,44,19,8,8,False,True,0.6605132904511006,3.290662414539839,1.0,0.9962199969254388,0.1,1.0
lie_seed44,lie,44,20,1,1,False,True,0.5949990324431387,3.432372869915709,1.0,1.0144628873172423,0.1,1.0
lie_seed44,lie,44,20,11,11,True,True,0.5002968360293524,0.20291168768958026,1.0,0.05985924375090436,0.1,1.0
lie_seed44,lie,44,20,12,12,False,True,0.6437085182076722,3.458681879111088,0.9999999999999999,1.0222387072652237,0.1,1.0
lie_seed44,lie,44,20,13,13,False,True,0.6676551658953314,3.3595239591183055,1.0,0.9910644667423587,0.1,1.0
lie_seed44,lie,44,20,15,15,True,True,0.4777190318956729,0.20291168768958026,1.0,0.05985924375090436,0.1,1.0
lie_seed44,lie,44,20,17,17,False,True,0.6542559104131332,3.392554953572342,0.9999999999999999,1.002694411131367,0.1,1.0
lie_seed44,lie,44,20,18,18,False,True,0.6375621750921667,3.404593827610643,1.0,1.0062525883399063,0.1,1.0
lie_seed44,lie,44,20,2,2,False,True,0.6167659850964032,3.38981375264225,1.0,1.0018842291623182,0.1,1.0
lie_seed44,lie,44,20,4,4,False,True,0.6417412772562381,3.3834385790027808,1.0,0.9981193144801834,0.1,1.0
lie_seed44,lie,44,20,5,5,True,True,0.469893108548341,0.20291168768958026,1.0,0.05985924375090436,0.1,1.0
lie_seed44,lie,44,21,0,0,False,True,0.655121257512188,3.2012069359611774,1.0,,0.1,1.0
lie_seed44,lie,44,21,11,11,True,False,,0.0,0.0,0.0,0.1,1.0
lie_seed44,lie,44,21,15,15,True,False,,0.0,0.0,0.0,0.1,1.0
lie_seed44,lie,44,21,16,16,True,False,,0.0,0.0,0.0,0.1,1.0
lie_seed44,lie,44,21,18,18,False,True,0.6812244629255015,3.2823026179568915,1.0,,0.1,1.0
lie_seed44,lie,44,21,19,19,True,False,,0.0,0.0,0.0,0.1,1.0
lie_seed44,lie,44,21,5,5,True,False,,0.0,0.0,0.0,0.1,1.0
lie_seed44,lie,44,21,6,6,False,True,0.5962072849374589,3.3208565475933605,1.0,,0.1,1.0
lie_seed44,lie,44,21,8,8,False,True,0.6639605874490319,3.3078180525095258,1.0,,0.1,1.0
lie_seed44,lie,44,21,9,9,False,True,0.646325569306918,3.2524109585339556,1.0,,0.1,1.0
lie_seed44,lie,44,22,0,0,False,True,0.649888007772613,3.2257500632872502,1.0,0.96394165574504,0.1,1.0
lie_seed44,lie,44,22,1,1,False,True,0.6108664762580983,3.368166076423683,0.9999999999999999,1.0166011863755928,0.1,1.0
lie_seed44,lie,44,22,10,10,False,True,0.6480478708312268,3.4035693608486715,1.0,1.0272868295806485,0.1,1.0
lie_seed44,lie,44,22,13,13,False,True,0.6651248371148967,3.313163629517232,1.0,0.9900632014671655,0.1,1.0
lie_seed44,lie,44,22,18,18,False,True,0.6672493367691471,3.346416294038083,0.9999999999999999,1.0100365295044893,0.1,1.0
lie_seed44,lie,44,22,19,19,True,False,,0.5399804603383513,1.0,0.16136081494115695,0.1,1.0
lie_seed44,lie,44,22,2,2,False,True,0.6341030495517301,3.347545262552262,0.9999999999999999,1.01037728192134,0.1,1.0
lie_seed44,lie,44,22,5,5,True,False,,0.5413343197227073,0.9999999999999999,0.16176538486473996,0.1,1.0
lie_seed44,lie,44,22,8,8,False,True,0.6629460652276229,3.2845070124399642,0.9999999999999999,0.9814998266329222,0.1,1.0
lie_seed44,lie,44,22,9,9,False,True,0.6317094311547122,3.369683296336316,1.0,1.017059123284931,0.1,1.0
lie_seed44,lie,44,23,0,0,False,True,0.6521505273357482,3.3621875237099785,1.0,1.0252483264107497,0.1,1.0
lie_seed44,lie,44,23,10,10,False,True,0.6378420423784936,3.3241267599391358,1.0,1.0136422711021769,0.1,1.0
lie_seed44,lie,44,23,11,11,True,False,,0.5124286675297081,0.9999999999999999,0.15607785427816578,0.1,1.0
lie_seed44,lie,44,23,12,12,False,True,0.6315718777867374,3.3720896366161934,1.0,1.0282678262493026,0.1,1.0
lie_seed44,lie,44,23,13,13,False,True,0.6510138025437184,3.2727028993879093,1.0,0.9968147346026134,0.1,1.0
lie_seed44,lie,44,23,17,17,False,True,0.6448968459855672,3.2739460671618645,0.9999999999999999,0.9971933842976081,0.1,1.0
lie_seed44,lie,44,23,19,19,True,False,,0.5257690587868025,0.9999999999999999,0.1601411313244637,0.1,1.0
lie_seed44,lie,44,23,3,3,False,True,0.6338083794336733,3.2793884536056983,1.0,0.9988510511147304,0.1,1.0
lie_seed44,lie,44,23,6,6,False,True,0.6112120898288853,3.3149963084576752,0.9999999999999999,1.0108580777653302,0.1,1.0
lie_seed44,lie,44,23,9,9,False,True,0.6167475836794175,3.2831606373601545,0.9999999999999999,1.0011502704872637,0.1,1.0
lie_seed44,lie,44,24,1,1,False,True,0.6454146460260574,3.4314038982592883,1.0,1.0347530437336505,0.1,1.0
lie_seed44,lie,44,24,13,13,False,True,0.6470414829746042,3.3161573372888236,1.0,0.9886278187095966,0.1,1.0
lie_seed44,lie,44,24,14,14,False,True,0.5900957323503312,3.3710864160695877,1.0,1.0165640749801312,0.1,1.0
lie_seed44,lie,44,24,16,16,True,False,,0.20106301160725115,1.0,0.05994181408502525,0.1,1.0
lie_seed44,lie,44,24,19,19,True,False,,0.20106301160725115,1.0,0.05994181408502525,0.1,1.0
lie_seed44,lie,44,24,2,2,False,True,0.6423931804204721,3.3706024497802187,1.0,1.0164181330840918,0.1,1.0
lie_seed44,lie,44,24,4,4,False,True,0.6428597629642308,3.3813489591107544,1.0,1.0196587843070284,0.1,1.0
lie_seed44,lie,44,24,5,5,True,False,,0.20106301160725115,1.0,0.05994181408502525,0.1,1.0
lie_seed44,lie,44,24,8,8,False,True,0.6688288713868645,3.26852512894885,1.0,0.9744274894001409,0.1,1.0
lie_seed44,lie,44,24,9,9,False,True,0.6233313653450867,3.354303080017744,1.0,1.0115029954399288,0.1,1.0
lie_seed44,lie,44,25,1,1,False,True,0.6505928961369863,3.3503214399024,1.0,1.0120119917461359,0.1,1.0
lie_seed44,lie,44,25,11,11,True,False,,0.1991283982337938,1.0,0.05980029407699031,0.1,1.0
lie_seed44,lie,44,25,15,15,True,False,,0.1991283982337938,1.0,0.05980029407699031,0.1,1.0
lie_seed44,lie,44,25,16,16,True,False,,0.1991283982337938,1.0,0.05980029407699031,0.1,1.0
lie_seed44,lie,44,25,17,17,False,True,0.6539518266950581,3.329889949661862,1.0,1.0058403710513553,0.1,1.0
lie_seed44,lie,44,25,18,18,False,True,0.6718449331682235,3.3309594346101052,1.0,1.0061634241111972,0.1,1.0
lie_seed44,lie,44,25,2,2,False,True,0.6566967633108103,3.310555079610985,0.9999999999999999,0.9941935408247229,0.1,1.0
lie_seed44,lie,44,25,3,3,False,True,0.6219070375660888,3.3350798072690897,1.0,1.007408040968461,0.1,1.0
lie_seed44,lie,44,25,6,6,False,True,0.6490527672216763,3.3728108875296674,1.0000000000000002,1.0188052475858513,0.1,1.0
lie_seed44,lie,44,25,9,9,False,True,0.6273822696096479,3.2932502665381103,1.0,0.9889967285172675,0.1,1.0
lie_seed44,lie,44,26,0,0,False,True,0.6663335169494723,3.1207333662221943,1.0,0.9801774940826494,0.1,1.0
lie_seed44,lie,44,26,11,11,True,False,,0.03461969172162603,1.0,0.010873547559333913,0.1,1.0
lie_seed44,lie,44,26,15,15,True,False,,0.015439881089120791,1.0,0.00484944472304879,0.1,1.0
lie_seed44,lie,44,26,16,16,True,False,,0.018520754021429726,1.0,0.00581710262777817,0.1,1.0
lie_seed44,lie,44,26,17,17,False,True,0.6483547295231936,3.228447980349336,1.0,1.0345158017320575,0.1,1.0
lie_seed44,lie,44,26,18,18,False,True,0.6696422884039904,3.2397249037727947,0.9999999999999999,1.0381293508886489,0.1,1.0
lie_seed44,lie,44,26,3,3,False,True,0.6242878494205203,3.2496279125884953,0.9999999999999999,1.0413026462822532,0.1,1.0
lie_seed44,lie,44,26,5,5,True,False,,0.018520754021429726,1.0,0.00581710262777817,0.1,1.0
lie_seed44,lie,44,26,8,8,False,True,0.6713859755573803,3.1838451556601965,1.0,1.0202233840677015,0.1,1.0
lie_seed44,lie,44,26,9,9,False,True,0.6251022846344021,3.2483023805296565,0.9999999999999999,1.0408778961023162,0.1,1.0
lie_seed44,lie,44,27,0,0,False,True,0.667375735732214,3.275979761357903,1.0,0.9886831071666882,0.1,1.0
lie_seed44,lie,44,27,1,1,False,True,0.6532280141480744,3.435395048976433,0.9999999999999999,1.048661865832911,0.1,1.0
lie_seed44,lie,44,27,11,11,True,False,,0.20229864411278511,0.9999999999999999,0.06105326241519027,0.1,1.0
lie_seed44,lie,44,27,12,12,False,True,0.6359186715897874,3.493787451573436,1.0,1.066486274666499,0.1,1.0
lie_seed44,lie,44,27,14,14,False,True,0.6027951318828447,3.4747983085599388,1.0,1.0606897971554088,0.1,1.0
lie_seed44,lie,44,27,16,16,True,False,,0.20229864411278511,0.9999999999999999,0.06105326241519027,0.1,1.0
lie_seed44,lie,44,27,17,17,False,True,0.6512928096655239,3.313478037210547,1.0,1.011446430864732,0.1,1.0
lie_seed44,lie,44,27,5,5,True,False,,0.20229864411278511,0.9999999999999999,0.06105326241519027,0.1,1.0
lie_seed44,lie,44,27,6,6,False,True,0.6675281327556413,3.433437525196158,0.9999999999999999,1.0480643274099437,0.1,1.0
lie_seed44,lie,44,27,8,8,False,True,0.6654189649249019,3.230753900510724,0.9999999999999999,0.9750340470735505,0.1,1.0
lie_seed44,lie,44,28,1,1,False,True,0.6526868513860132,3.3819080450484864,1.0,1.0464809307159773,0.1,1.0
lie_seed44,lie,44,28,11,11,True,True,0.4455879416323943,0.015725740549203816,0.9999999999999999,0.004778799719124603,0.1,1.0
lie_seed44,lie,44,28,12,12,False,True,0.6395219057526428,3.3454734633262313,1.0,1.035206793606668,0.1,1.0
lie_seed44,lie,44,28,13,13,False,True,0.6461732432121438,3.2316958157418747,1.0,0.9820604001599992,0.1,1.0
lie_seed44,lie,44,28,14,14,False,True,0.6178825558313332,3.315495219570898,0.9999999999999999,1.025930473846217,0.1,1.0
lie_seed44,lie,44,28,15,15,True,False,,0.027766713485047383,1.0,0.008437857803146565,0.1,1.0
lie_seed44,lie,44,28,18,18,False,True,0.6731601563621222,3.290730198687739,0.9999999999999999,1.0182673080363265,0.1,1.0
lie_seed44,lie,44,28,19,19,True,False,,0.02796606721028057,1.0,0.00849843819509504,0.1,1.0
lie_seed44,lie,44,28,5,5,True,True,0.5584945288645026,0.02796606721028057,1.0,0.00849843819509504,0.1,1.0
lie_seed44,lie,44,28,6,6,False,True,0.6714452803632555,3.324472750501392,0.9999999999999999,1.0287084366998875,0.1,1.0
lie_seed44,lie,44,29,0,0,False,True,0.6646150945200129,3.0648199217921093,1.0,,0.1,1.0
lie_seed44,lie,44,29,1,1,False,True,0.6586942866337304,3.153303343918175,1.0,,0.1,1.0
lie_seed44,lie,44,29,10,10,False,True,0.6427945374331774,3.2064340382407694,1.0,,0.1,1.0
lie_seed44,lie,44,29,11,11,True,False,,0.0,0.0,0.0,0.1,1.0
lie_seed44,lie,44,29,12,12,False,True,0.6393701468413159,3.239736277336331,1.0,,0.1,1.0
lie_seed44,lie,44,29,15,15,True,False,,0.0,0.0,0.0,0.1,1.0
lie_seed44,lie,44,29,16,16,True,False,,0.0,0.0,0.0,0.1,1.0
lie_seed44,lie,44,29,19,19,True,False,,0.0,0.0,0.0,0.1,1.0
lie_seed44,lie,44,29,6,6,False,True,0.6780534926397588,3.158237705701558,1.0,,0.1,1.0
lie_seed44,lie,44,29,7,7,True,False,,0.0,0.0,0.0,0.1,1.0
lie_seed44,lie,44,30,0,0,False,True,0.6621300518792913,3.022881247074972,1.0,0.930943305423937,0.1,1.0
lie_seed44,lie,44,30,1,1,False,True,0.6575928403432375,3.205011063298094,1.0,0.987033015628422,0.1,1.0
lie_seed44,lie,44,30,11,11,True,False,,0.19248256470957795,1.0,0.05927800015319859,0.1,1.0
lie_seed44,lie,44,30,12,12,False,True,0.6591947701704999,3.247116370527418,1.0,1.0131373360022027,0.1,1.0
lie_seed44,lie,44,30,14,14,False,True,0.6422343921501749,3.338082213814796,0.9999999999999999,1.0415197164342285,0.1,1.0
lie_seed44,lie,44,30,15,15,True,False,,0.19307551995663544,0.9999999999999999,0.05946060994582551,0.1,1.0
lie_seed44,lie,44,30,17,17,False,True,0.6470762861208433,3.2574022160541256,0.9999999999999999,1.0163466371008776,0.1,1.0
lie_seed44,lie,44,30,18,18,False,True,0.663117804752599,3.3413566978942444,1.0,1.042541392807501,0.1,1.0
lie_seed44,lie,44,30,19,19,True,False,,0.19457209196301153,0.9999999999999999,0.05992150257657931,0.1,1.0
lie_seed44,lie,44,30,9,9,False,True,0.6514420846537444,3.265674315708567,1.0,1.0189276265237124,0.1,1.0
lie_seed44,lie,44,31,12,12,False,True,0.6711496637118778,3.2121994394122466,0.9999999999999999,1.0050162639773776,0.1,1.0
lie_seed44,lie,44,31,13,13,False,True,0.6461551473950141,3.2509952870889594,1.0,1.0171545071423225,0.1,1.0
lie_seed44,lie,44,31,15,15,True,False,,5.326745330970586e-05,1.0,1.658285991091901e-05,0.1,1.0
lie_seed44,lie,44,31,16,16,True,False,,5.326745330970586e-05,1.0,1.658285991091901e-05,0.1,1.0
lie_seed44,lie,44,31,17,17,False,True,0.6555990642378337,3.2352751389353345,0.9999999999999999,1.0122360688994536,0.1,1.0
lie_seed44,lie,44,31,2,2,False,True,0.6536324762383108,3.329826799129072,0.9999999999999999,1.041818900872725,0.1,1.0
lie_seed44,lie,44,31,3,3,False,True,0.6277752280227782,3.3266007114841187,1.0,1.0408095393391872,0.1,1.0
lie_seed44,lie,44,31,5,5,True,True,0.5112711321283603,5.326745330970586e-05,1.0,1.658285991091901e-05,0.1,1.0
lie_seed44,lie,44,31,6,6,False,True,0.6754684464092623,3.196166623911025,1.0,0.9950087733331542,0.1,1.0
lie_seed44,lie,44,31,7,7,True,False,,5.326745330970586e-05,1.0,1.658285991091901e-05,0.1,1.0
lie_seed44,lie,44,32,1,1,False,True,0.664116024276401,3.1733126339231776,1.0,0.9926672503270176,0.1,1.0
lie_seed44,lie,44,32,10,10,False,True,0.6574825610140498,3.2775073149060536,0.9999999999999999,1.0328346724709754,0.1,1.0
lie_seed44,lie,44,32,11,11,True,False,,0.19197030978447077,1.0,0.06005164367388003,0.1,1.0
lie_seed44,lie,44,32,12,12,False,True,0.6684004062520201,3.1225665264943627,0.9999999999999999,0.9767929874549465,0.1,1.0
lie_seed44,lie,44,32,16,16,True,False,,0.19197030978447077,1.0,0.06005164367388003,0.1,1.0
lie_seed44,lie,44,32,17,17,False,True,0.6628700828966964,3.2453099578892566,1.0,1.022688380336818,0.1,1.0
lie_seed44,lie,44,32,18,18,False,True,0.6711287415626197,3.2418069242996586,1.0,1.0215844759965553,0.1,1.0
lie_seed44,lie,44,32,3,3,False,True,0.6410201323241211,3.196753628043821,1.0,1.0073869160794482,0.1,1.0
lie_seed44,lie,44,32,5,5,True,True,0.5287968659024354,0.19197030978447077,1.0,0.06005164367388003,0.1,1.0
lie_seed44,lie,44,32,8,8,False,True,0.6678103197980938,3.2372301226774622,1.0,1.0201421971699218,0.1,1.0
lie_seed44,lie,44,33,1,1,False,True,0.6648629800302924,3.2335799267284933,1.0,1.004471410571829,0.1,1.0
lie_seed44,lie,44,33,11,11,True,False,,0.19522866907615746,1.0,0.06037539615533053,0.0985769609582087,0.9857696095820869
lie_seed44,lie,44,33,12,12,False,True,0.6770957233544883,3.157588731644963,1.0,0.9764993608305786,0.1,1.0
lie_seed44,lie,44,33,13,13,False,True,0.6435280189361127,3.2191856260873264,0.9999999999999999,0.9955484939394308,0.1,1.0
lie_seed44,lie,44,33,14,14,False,True,0.6544465424659939,3.304133270969321,0.9999999999999999,1.026387929976328,0.1,1.0
lie_seed44,lie,44,33,15,15,True,False,,0.19522866907615746,1.0,0.06037539615533053,0.1,1.0
lie_seed44,lie,44,33,16,16,True,False,,0.19522866907615746,1.0,0.06037539615533053,0.1,1.0
lie_seed44,lie,44,33,2,2,False,True,0.644521758400985,3.2391181710711208,0.9999999999999998,1.0061917973360301,0.1,1.0
lie_seed44,lie,44,33,8,8,False,True,0.6715074907176994,3.2579106336392116,1.0,1.012029442240941,0.1,1.0
lie_seed44,lie,44,33,9,9,False,True,0.6502205797954517,3.3300891503323435,0.9999999999999999,1.0344508012667204,0.1,1.0
lie_seed44,lie,44,34,1,1,False,True,0.6755332751636721,3.0850767762176345,1.0,,0.1,1.0
lie_seed44,lie,44,34,11,11,True,False,,0.0,0.0,0.0,0.1,1.0
lie_seed44,lie,44,34,15,15,True,False,,0.0,0.0,0.0,0.1,1.0
lie_seed44,lie,44,34,16,16,True,False,,0.0,0.0,0.0,0.1,1.0
lie_seed44,lie,44,34,19,19,True,False,,0.0,0.0,0.0,0.1,1.0
lie_seed44,lie,44,34,2,2,False,True,0.6392951203324859,3.1966446021961836,1.0,,0.1,1.0
lie_seed44,lie,44,34,3,3,False,True,0.6481048838203787,3.148753676204932,1.0,,0.1,1.0
lie_seed44,lie,44,34,4,4,False,True,0.6570565555288901,3.313765551052128,1.0,,0.1,1.0
lie_seed44,lie,44,34,7,7,True,False,,0.0,0.0,0.0,0.1,1.0
lie_seed44,lie,44,34,9,9,False,True,0.647391305781455,3.1504773583437666,1.0,,0.1,1.0
lie_seed44,lie,44,35,1,1,False,True,0.6784031256216897,3.0544138690375684,1.0,0.9543375386070507,0.1,1.0
lie_seed44,lie,44,35,10,10,False,True,0.6641871996979134,3.3229170906701717,0.9999999999999999,1.043527243731227,0.1,1.0
lie_seed44,lie,44,35,13,13,False,True,0.6581838508312018,3.2253855811937813,1.0,1.0128984966142422,0.1,1.0
lie_seed44,lie,44,35,14,14,False,True,0.6450913318480361,3.2111022498924884,1.0,1.0084129662993309,0.1,1.0
lie_seed44,lie,44,35,2,2,False,True,0.6252078432312661,3.1324746504640566,1.0,0.9787272700587912,0.1,1.0
lie_seed44,lie,44,35,4,4,False,True,0.6618890788632784,3.3201798124741595,0.9999999999999999,1.0426676302370383,0.1,1.0
lie_seed44,lie,44,35,5,5,True,True,0.5148529752077167,0.522001693608121,0.9999999999999999,0.16309702377813515,0.1,1.0
lie_seed44,lie,44,35,7,7,True,False,,0.522001693608121,0.9999999999999999,0.16309702377813515,0.1,1.0
lie_seed44,lie,44,35,8,8,False,True,0.6696577451647089,3.2005592837684924,0.9999999999999999,1.005102058419319,0.1,1.0
lie_seed44,lie,44,35,9,9,False,True,0.6348677269448133,3.184312734173358,1.0,0.994923840443285,0.1,1.0
lie_seed44,lie,44,36,0,0,False,True,0.6680594716476815,3.1755037106651,1.0,1.0222485039725708,0.1,1.0
lie_seed44,lie,44,36,10,10,False,True,0.662303169483338,3.2493542651486718,1.0,1.0460222500352276,0.1,1.0
lie_seed44,lie,44,36,11,11,True,False,,9.02490309332505e-05,0.9999999999999999,2.8420382766407822e-05,0.1,1.0
lie_seed44,lie,44,36,16,16,True,False,,9.02490309332505e-05,0.9999999999999999,2.8420382766407822e-05,0.1,1.0
lie_seed44,lie,44,36,18,18,False,True,0.6737129914488574,3.1867060172057116,0.9999999999999999,1.025854716449578,0.1,1.0
lie_seed44,lie,44,36,3,3,False,True,0.6531533573099328,3.178543328483436,1.0,1.023227008503051,0.1,1.0
lie_seed44,lie,44,36,5,5,True,True,0.4989112169676082,9.02490309332505e-05,0.9999999999999999,2.8420382766407822e-05,0.1,1.0
lie_seed44,lie,44,36,6,6,False,True,0.6744876137776586,3.2958861097129035,1.0,1.0610016400240074,0.1,1.0
lie_seed44,lie,44,36,7,7,True,False,,9.02490309332505e-05,0.9999999999999999,2.8420382766407822e-05,0.1,1.0
lie_seed44,lie,44,36,9,9,False,True,0.6415805249691009,3.1063911547189758,0.9999999999999999,0.9782357187258178,0.1,1.0
lie_seed44,lie,44,37,0,0,False,True,0.6411677044214148,3.0135133482114624,1.0,0.9721717865662615,0.1,1.0
lie_seed44,lie,44,37,1,1,False,True,0.6595208056273886,3.0580869095360725,1.0,0.9865514005713846,0.1,1.0
lie_seed44,lie,44,37,10,10,False,True,0.6762865904662814,3.0997745355841664,1.0,1.0136319297918246,0.1,1.0
lie_seed44,lie,44,37,13,13,False,True,0.6603331661822653,3.20772585292181,1.0,1.0489322075573184,0.1,1.0
lie_seed44,lie,44,37,16,16,True,False,,0.505956689343914,0.9999999999999999,0.16322370660695948,0.09715576353653399,0.9715576353653399
lie_seed44,lie,44,37,17,17,False,True,0.6538329376790595,3.1634691875360073,1.0,1.0344601972139247,0.1,1.0
lie_seed44,lie,44,37,18,18,False,True,0.6740610583128738,3.2220751543240085,1.0,1.0536244553013092,0.1,1.0
lie_seed44,lie,44,37,2,2,False,True,0.6177750569971668,3.1156900632424316,0.9999999999999999,1.0188363363796935,0.1,1.0
lie_seed44,lie,44,37,3,3,False,True,0.6695918538810329,3.054708827104142,1.0,0.9854616173006493,0.1,1.0
lie_seed44,lie,44,37,5,5,True,True,0.4822097955444765,0.5063472377101823,1.0,0.16334969911440958,0.1,1.0
lie_seed44,lie,44,38,13,13,False,True,0.6626087449128563,3.1936856454050404,0.9999999999999999,1.027006470662825,0.1,1.0
lie_seed44,lie,44,38,14,14,False,True,0.6515705947212805,3.2956971957639984,1.0,1.0598107394397882,0.1,1.0
lie_seed44,lie,44,38,15,15,True,False,,5.77504639088499e-05,1.0,1.8462255265359062e-05,0.1,1.0
lie_seed44,lie,44,38,16,16,True,False,,5.77504639088499e-05,1.0,1.8462255265359062e-05,0.09625268671492113,0.9625268671492112
lie_seed44,lie,44,38,17,17,False,True,0.6625546429415079,3.109703528297978,1.0,0.9941416302670937,0.1,1.0
lie_seed44,lie,44,38,18,18,False,True,0.6748056707787118,3.1745561690329582,1.0,1.0208549272124587,0.1,1.0
lie_seed44,lie,44,38,19,19,True,False,,5.77504639088499e-05,1.0,1.8462255265359062e-05,0.1,1.0
lie_seed44,lie,44,38,2,2,False,True,0.6333309448677948,3.1280286768219345,0.9999999999999999,1.005892892475826,0.1,1.0
lie_seed44,lie,44,38,4,4,False,True,0.6509227955556943,3.352459433812617,1.0,1.0780640029847173,0.1,1.0
lie_seed44,lie,44,38,5,5,True,True,0.48957968075157715,5.77504639088499e-05,1.0,1.8462255265359062e-05,0.1,1.0
lie_seed44,lie,44,39,1,1,False,True,0.660670250744173,3.0739188921161804,0.9999999999999998,,0.1,1.0
lie_seed44,lie,44,39,10,10,False,True,0.6693733388614435,3.0173929421712526,1.0,,0.1,1.0
lie_seed44,lie,44,39,11,11,True,False,,0.0,0.0,0.0,0.1,1.0
lie_seed44,lie,44,39,14,14,False,True,0.6645010485683261,3.1408720125152345,1.0,,0.1,1.0
lie_seed44,lie,44,39,16,16,True,False,,0.0,0.0,0.0,0.09595869394976364,0.9595869394976364
lie_seed44,lie,44,39,19,19,True,False,,0.0,0.0,0.0,0.1,1.0
lie_seed44,lie,44,39,4,4,False,True,0.665485816880431,3.2166664515374728,1.0,,0.1,1.0
lie_seed44,lie,44,39,5,5,True,False,,0.0,0.0,0.0,0.1,1.0
lie_seed44,lie,44,39,7,7,True,False,,0.0,0.0,0.0,0.1,1.0
lie_seed44,lie,44,39,9,9,False,True,0.646306982397162,3.177304201121119,1.0,,0.1,1.0
lie_seed44,lie,44,40,1,1,False,True,0.6563487581826535,2.937360592339681,1.0,0.9557239729614007,0.1,1.0
lie_seed44,lie,44,40,11,11,True,False,,4.143679452111706e-05,1.0,1.3482218693130592e-05,0.09928336132255824,0.9928336132255824
lie_seed44,lie,44,40,13,13,False,True,0.6752055208501322,3.1309699724325606,1.0,1.0659127042821341,0.1,1.0
lie_seed44,lie,44,40,14,14,False,True,0.6629134221115754,3.1569917812558748,1.0,1.0747716128176323,0.1,1.0
lie_seed44,lie,44,40,16,16,True,False,,4.143679452111706e-05,1.0,1.3482218693130592e-05,0.09090251885263993,0.9090251885263992
lie_seed44,lie,44,40,18,18,False,True,0.6721373685774963,3.092312093029667,1.0,1.052751950541613,0.1,1.0
lie_seed44,lie,44,40,4,4,False,True,0.6627678426708709,3.0734403190054893,0.9999999999999998,1.046327211926479,0.1,1.0
lie_seed44,lie,44,40,5,5,True,False,,4.143679452111706e-05,1.0,1.3482218693130592e-05,0.1,1.0
lie_seed44,lie,44,40,7,7,True,False,,4.143679452111706e-05,1.0,1.3482218693130592e-05,0.1,1.0
lie_seed44,lie,44,40,8,8,False,True,0.6680138327728784,3.1304749385148343,0.9999999999999999,1.0657441740992832,0.1,1.0
lie_seed44,lie,44,41,1,1,False,True,0.6532202925859161,3.0229666390621537,1.0,0.9585884389686778,0.1,1.0
lie_seed44,lie,44,41,10,10,False,True,0.6586849631463815,3.153560502267783,0.9999999999999999,1.015164531779084,0.1,1.0
lie_seed44,lie,44,41,12,12,False,True,0.6860961043828424,3.219431788512206,1.0,1.0363691966047368,0.1,1.0
lie_seed44,lie,44,41,13,13,False,True,0.6703034281816351,3.073632670660711,1.0,0.974654733419703,0.1,1.0
lie_seed44,lie,44,41,14,14,False,True,0.6598348335024722,3.1064526030486337,1.0,0.9850619960564342,0.1,1.0
lie_seed44,lie,44,41,16,16,True,False,,0.48649417376764,1.0,0.15426822267015114,0.08823178555592465,0.8823178555592465
lie_seed44,lie,44,41,17,17,False,True,0.6689446283455905,3.1595313574096493,1.0,1.0170866132993386,0.1,1.0
lie_seed44,lie,44,41,3,3,False,True,0.6597142310433621,3.1635766284818065,1.0,1.0183888289095775,0.1,1.0
lie_seed44,lie,44,41,7,7,True,False,,0.5050995970251928,1.0,0.16016803757592932,0.09843397188388202,0.9843397188388201
lie_seed44,lie,44,41,9,9,False,True,0.634150647318923,3.2144698172602504,0.9999999999999999,1.03477188549589,0.1,1.0
lie_seed44,lie,44,42,1,1,False,True,0.6513352764581497,2.977572938484611,1.0,0.9582264962648728,0.1,1.0
lie_seed44,lie,44,42,11,11,True,False,,0.18892556270743538,1.0,0.06079900769791032,0.09527781643908809,0.9527781643908808
lie_seed44,lie,44,42,14,14,False,True,0.6748345086972352,3.1569861335469724,0.9999999999999999,1.025657040020728,0.1,1.0
lie_seed44,lie,44,42,16,16,True,False,,0.18892556270743538,1.0,0.06079900769791032,0.08475373624769708,0.8475373624769708
lie_seed44,lie,44,42,17,17,False,True,0.672808433002482,3.1073790487855084,1.0,1.009540448573006,0.1,1.0
lie_seed44,lie,44,42,19,19,True,False,,0.18892556270743538,1.0,0.06079900769791032,0.09843433911917177,0.9843433911917175
lie_seed44,lie,44,42,3,3,False,True,0.6641749432111537,3.170049487783746,1.0,1.0299011262068711,0.1,1.0
lie_seed44,lie,44,42,4,4,False,True,0.6708822727694366,3.201031549802876,0.9999999999999999,1.039966729500661,0.1,1.0
lie_seed44,lie,44,42,6,6,False,True,0.6680079916900264,3.2504414342159875,1.0,1.0560192535381931,0.1,1.0
lie_seed44,lie,44,42,9,9,False,True,0.6380736777484344,3.078013420044551,0.9999999999999999,0.9905497114191992,0.1,1.0
lie_seed44,lie,44,43,1,1,False,True,0.6423544916934376,2.874810417533487,1.0,0.9352813892100095,0.1,1.0
lie_seed44,lie,44,43,11,11,True,False,,0.5021421115085837,1.0,0.16336526706882404,0.08878710032798438,0.8878710032798438
lie_seed44,lie,44,43,13,13,False,True,0.6506101514021486,3.1358551983425516,1.0,1.0436971933288366,0.1,1.0
lie_seed44,lie,44,43,14,14,False,True,0.676006484677667,3.073738503405602,0.9999999999999999,1.0230230817822243,0.1,1.0
lie_seed44,lie,44,43,15,15,True,False,,0.4837144607261264,1.0,0.15737007562295444,0.09806839197424182,0.9806839197424181
lie_seed44,lie,44,43,17,17,False,True,0.6669877749056781,3.0985929458361205,1.0,1.0312953106211695,0.1,1.0
lie_seed44,lie,44,43,3,3,False,True,0.6596172429457833,3.004564176646723,1.0,0.977495051487875,0.1,1.0
lie_seed44,lie,44,43,6,6,False,True,0.6728552703240884,3.1483133782052186,0.9999999999999999,1.047843611621213,0.1,1.0
lie_seed44,lie,44,43,8,8,False,True,0.6610169948826746,3.258357364827353,1.0,1.0844692185819371,0.1,1.0
lie_seed44,lie,44,43,9,9,False,True,0.6288421793316273,2.9880057575377474,0.9999999999999999,0.9721079897418516,0.1,1.0
lie_seed44,lie,44,44,0,0,False,True,0.6373007452562895,3.2575476402287524,0.9999999999999999,1.0630537019043458,0.1,1.0
lie_seed44,lie,44,44,13,13,False,True,0.6596191930592806,3.1604465028102195,0.9999999999999999,1.0313661458062726,0.1,1.0
lie_seed44,lie,44,44,15,15,True,False,,9.00207977987964e-05,1.0,2.9195904378324498e-05,0.09950339835672985,0.9950339835672984
lie_seed44,lie,44,44,17,17,False,True,0.6787831729090201,3.064330272678801,1.0,0.9938358225251309,0.1,1.0
lie_seed44,lie,44,44,18,18,False,True,0.6631140239657163,3.2889184326973293,1.0,1.0732911076919252,0.1,1.0
lie_seed44,lie,44,44,19,19,True,False,,9.00207977987964e-05,1.0,2.9195904378324498e-05,0.1,1.0
lie_seed44,lie,44,44,5,5,True,False,,9.00207977987964e-05,1.0,2.9195904378324498e-05,0.1,1.0
lie_seed44,lie,44,44,6,6,False,True,0.6649194684121474,3.0833365061172504,1.0,1.006202410232313,0.1,1.0
lie_seed44,lie,44,44,7,7,True,False,,9.00207977987964e-05,1.0,2.9195904378324498e-05,0.09755920783614451,0.975592078361445
lie_seed44,lie,44,44,8,8,False,True,0.6519733432615952,3.264906017693795,1.0,1.0654550022898326,0.1,1.0
lie_seed44,lie,44,45,0,0,False,True,0.6417026915640441,3.0787081800841567,1.0,1.0143317648887242,0.1,1.0
lie_seed44,lie,44,45,12,12,False,True,0.682151262767471,3.2636970484635803,1.0,1.0752794333172857,0.1,1.0
lie_seed44,lie,44,45,13,13,False,True,0.6574099460566403,2.9461580830183105,0.9999999999999999,0.9693477108004553,0.1,1.0
lie_seed44,lie,44,45,18,18,False,True,0.6566143333717299,3.1080199971781592,1.0,1.0239890319715181,0.1,1.0
lie_seed44,lie,44,45,19,19,True,False,,0.17098940329639267,1.0,0.0562590947213147,0.09952856541222763,0.9952856541222762
lie_seed44,lie,44,45,3,3,False,True,0.6594493447267826,3.039320204909207,0.9999999999999999,1.001354739448948,0.1,1.0
lie_seed44,lie,44,45,4,4,False,True,0.662961321452849,3.1265544682133806,0.9999999999999999,1.0300955226217368,0.1,1.0
lie_seed44,lie,44,45,5,5,True,False,,0.17032578733000456,0.9999999999999999,0.05604075117024159,0.09698015109447788,0.9698015109447788
lie_seed44,lie,44,45,7,7,True,False,,0.18309156747804187,1.0,0.06024096019310717,0.09602744074558582,0.9602744074558581
lie_seed44,lie,44,45,8,8,False,True,0.6501159060487488,3.035208288504996,0.9999999999999999,0.9986470933870115,0.1,1.0
lie_seed44,lie,44,46,0,0,False,True,0.6411049857398329,2.908717263924941,0.9999999999999999,1.0134209547158795,0.1,1.0
lie_seed44,lie,44,46,1,1,False,True,0.6502586984171573,2.8701964868492604,1.0,0.9867567819143407,0.1,1.0
lie_seed44,lie,44,46,12,12,False,True,0.6731301757588583,3.0868473722082235,0.9999999999999999,1.0754829456281545,0.1,1.0
lie_seed44,lie,44,46,15,15,True,False,,0.060919597155685276,1.0,0.02094380155515084,0.09963157184648086,0.9963157184648086
lie_seed44,lie,44,46,16,16,True,False,,0.0444140807634464,1.0,0.015269301459542787,0.08214381329802364,0.8214381329802364
lie_seed44,lie,44,46,18,18,False,True,0.6636277275789804,3.0115835315857047,0.9999999999999999,1.0492604061722794,0.1,1.0
lie_seed44,lie,44,46,19,19,True,False,,0.03850285120103466,0.9999999999999999,0.01323705527469521,0.0955263436853472,0.9552634368534719
lie_seed44,lie,44,46,3,3,False,True,0.6631111271087894,2.9642111803745017,0.9999999999999999,1.0327554904188616,0.1,1.0
lie_seed44,lie,44,46,7,7,True,True,0.504603377095273,0.0517480769557771,1.0,0.017790686498676638,0.09468580111962313,0.9468580111962313
lie_seed44,lie,44,46,8,8,False,True,0.6577880128318478,3.0199618584685575,1.0,1.05217948398498,0.1,1.0
lie_seed44,lie,44,47,1,1,False,True,0.6486257342028839,2.903100531108394,0.9999999999999999,0.997472229594784,0.1,1.0
lie_seed44,lie,44,47,11,11,True,False,,0.013250731954559669,0.9999999999999999,0.0045528003611473924,0.0767606784179485,0.7676067841794849
lie_seed44,lie,44,47,12,12,False,True,0.6817225032717902,3.1278197858360834,1.0,1.0774066389777734,0.1,1.0
lie_seed44,lie,44,47,15,15,True,True,0.5145827395480024,0.006311967029813116,1.0,0.002168719876866496,0.09034920546296371,0.9034920546296371
lie_seed44,lie,44,47,18,18,False,True,0.6620567445098315,2.97881987514127,1.0,1.0260822328477777,0.1,1.0
lie_seed44,lie,44,47,19,19,True,True,0.44620315861315163,0.006311967029813116,1.0,0.002168719876866496,0.0836733508096036,0.836733508096036
lie_seed44,lie,44,47,3,3,False,True,0.6688592905957035,2.91045749944112,1.0,1.0025341762208686,0.1,1.0
lie_seed44,lie,44,47,5,5,True,False,,0.006311967029813116,1.0,0.002168719876866496,0.08525391358938805,0.8525391358938804
lie_seed44,lie,44,47,8,8,False,True,0.656523129394741,2.9355758962267986,1.0,1.0111864417957326,0.1,1.0
lie_seed44,lie,44,47,9,9,False,True,0.6334657993658466,3.177791957477704,0.9999999999999999,1.0946200186407027,0.1,1.0
lie_seed44,lie,44,48,0,0,False,True,0.6360924520875131,3.0359373408391015,0.9999999999999999,0.9893685534701441,0.1,1.0
lie_seed44,lie,44,48,1,1,False,True,0.6495099648629972,2.9179847798089713,0.9999999999999999,0.9509295010184803,0.1,1.0
lie_seed44,lie,44,48,10,10,False,True,0.6723056362970772,3.339207093967207,1.0,1.0905350459097045,0.1,1.0
lie_seed44,lie,44,48,12,12,False,True,0.6785511866219855,3.061989714582442,0.9999999999999998,0.9978586494211324,0.1,1.0
lie_seed44,lie,44,48,13,13,False,True,0.6581681708094967,3.068560578553618,1.0,1.002145945801151,0.1,1.0
lie_seed44,lie,44,48,15,15,True,True,0.5536513816811273,0.5082230069934581,1.0,0.16562260838044515,0.0843224596427774,0.843224596427774
lie_seed44,lie,44,48,17,17,False,True,0.678982562038753,3.074381076066752,1.0,1.0040468331507768,0.1,1.0
lie_seed44,lie,44,48,4,4,False,True,0.6571331809516652,3.2858562564227896,1.0,1.0731114610784627,0.1,1.0
lie_seed44,lie,44,48,5,5,True,True,0.465625912973715,0.5082230069934581,1.0,0.16562260838044515,0.07924098660400354,0.7924098660400354
lie_seed44,lie,44,48,9,9,False,True,0.6371153855767461,3.09306816974647,1.0,1.0101497581837129,0.1,1.0
lie_seed44,lie,44,49,1,1,False,True,0.6326259695160701,2.8441657177666952,1.0000000000000002,,0.1,1.0
lie_seed44,lie,44,49,11,11,True,False,,0.0,0.0,0.0,0.06827554258108808,0.6827554258108807
lie_seed44,lie,44,49,12,12,False,True,0.6728593692081057,2.953101644845987,1.0,,0.1,1.0
lie_seed44,lie,44,49,14,14,False,True,0.6717056950951823,3.129891677093158,1.0,,0.1,1.0
lie_seed44,lie,44,49,15,15,True,False,,0.0,0.0,0.0,0.0799881604913539,0.799881604913539
lie_seed44,lie,44,49,16,16,True,False,,0.0,0.0,0.0,0.08141404493010385,0.8141404493010383
lie_seed44,lie,44,49,19,19,True,False,,0.0,0.0,0.0,0.07812747458459567,0.7812747458459566
lie_seed44,lie,44,49,4,4,False,True,0.6634526471905995,3.072937991492922,0.9999999999999999,,0.1,1.0
lie_seed44,lie,44,49,7,7,True,False,,0.0,0.0,0.0,0.0884752498806422,0.884752498806422
lie_seed44,lie,44,49,9,9,False,True,0.6454836234013439,2.9972522837096505,0.9999999999999999,,0.1,1.0
lie_seed44,lie,44,50,0,0,False,True,0.6443727091921893,3.1338673060018483,1.0,1.12223978487532,0.1,1.0
lie_seed44,lie,44,50,1,1,False,True,0.64272611524055,2.792511322658213,0.9999999999999999,0.9531129471049663,0.1,1.0
lie_seed44,lie,44,50,11,11,True,False,,7.840755614025818e-05,1.0,2.6761308468752176e-05,0.062319105566490486,0.6231910556649048
lie_seed44,lie,44,50,13,13,False,True,0.6648271601532614,3.0467847125773795,0.9999999999999999,1.0910554553014746,0.1,1.0
lie_seed44,lie,44,50,15,15,True,False,,7.840755614025818e-05,1.0,2.6761308468752176e-05,0.07403111591097923,0.7403111591097923
lie_seed44,lie,44,50,16,16,True,False,,7.840755614025818e-05,1.0,2.6761308468752176e-05,0.0760277149892638,0.7602771498926381
lie_seed44,lie,44,50,3,3,False,True,0.6727255214768882,3.0644135094065486,1.0,1.0973683381485846,0.1,1.0
lie_seed44,lie,44,50,5,5,True,True,0.463733397170906,7.840755614025818e-05,1.0,2.6761308468752176e-05,0.07476979406591233,0.7476979406591233
lie_seed44,lie,44,50,6,6,False,True,0.6620497117015609,3.166435580302981,1.0,1.1339025036750172,0.1,1.0
lie_seed44,lie,44,50,9,9,False,True,0.632006592282559,2.929884995414582,1.0,1.0491935956147178,0.1,1.0
lie_seed44,lie,44,51,0,0,False,True,0.6373608243372876,2.835683387428368,0.9999999999999999,,0.1,1.0
lie_seed44,lie,44,51,1,1,False,True,0.6460786253146107,2.699410802375202,0.9999999999999999,,0.1,1.0
lie_seed44,lie,44,51,10,10,False,True,0.6682344920364841,3.1523719292216774,0.9999999999999999,,0.1,1.0
lie_seed44,lie,44,51,11,11,True,False,,0.0,0.0,0.0,0.06100355228155474,0.6100355228155474
lie_seed44,lie,44,51,13,13,False,True,0.6758203643949469,2.9478423357870067,1.0,,0.1,1.0
lie_seed44,lie,44,51,15,15,True,False,,0.0,0.0,0.0,0.07364999868074021,0.736499986807402
lie_seed44,lie,44,51,16,16,True,False,,0.0,0.0,0.0,0.07229927532217958,0.7229927532217958
lie_seed44,lie,44,51,19,19,True,False,,0.0,0.0,0.0,0.07847685960758995,0.7847685960758994
lie_seed44,lie,44,51,6,6,False,True,0.6602695409790434,3.053103396212144,0.9999999999999999,,0.1,1.0
lie_seed44,lie,44,51,7,7,True,False,,0.0,0.0,0.0,0.09039280861600363,0.9039280861600363
lie_seed44,lie,44,52,11,11,True,False,,0.034998259566704215,1.0,0.011812834677650635,0.05683711497874874,0.5683711497874874
lie_seed44,lie,44,52,12,12,False,True,0.6730769323183097,3.000068164417368,1.0,1.0210982995560371,0.1,1.0
lie_seed44,lie,44,52,13,13,False,True,0.6819790498039885,2.9380796792255612,1.0,0.9916792992036411,0.1,1.0
lie_seed44,lie,44,52,14,14,False,True,0.6617592573775292,3.0872793371545306,0.9999999999999999,1.0507813518414506,0.1,1.0
lie_seed44,lie,44,52,16,16,True,False,,0.06579983748663837,1.0,0.022209178732573602,0.066417970644772,0.6641797064477201
lie_seed44,lie,44,52,19,19,True,False,,0.05385241167322303,0.9999999999999999,0.01817660775034,0.07247047777950533,0.7247047777950533
lie_seed44,lie,44,52,3,3,False,True,0.6749851280974061,2.9627316831005337,1.0,1.008390515767588,0.1,1.0
lie_seed44,lie,44,52,7,7,True,False,,0.07007324755088437,1.0,0.023651567217707642,0.0804660405667467,0.8046604056674669
lie_seed44,lie,44,52,8,8,False,True,0.6638861169606023,3.1263224719836114,0.9999999999999999,1.0640700094313535,0.1,1.0
lie_seed44,lie,44,52,9,9,False,True,0.6326579411510848,3.042276970148827,1.0,1.0354644197228615,0.1,1.0
lie_seed44,lie,44,53,0,0,False,True,0.6346437633886362,2.9743787587901935,0.9999999999999999,0.9913863612748641,0.1,1.0
lie_seed44,lie,44,53,11,11,True,False,,0.49142861442531205,1.0,0.16379743986593742,0.05,0.5
lie_seed44,lie,44,53,13,13,False,True,0.6607011023744799,2.751391563219605,1.0,0.9170627857133141,0.1,1.0
lie_seed44,lie,44,53,14,14,False,True,0.6492099645760719,3.0285829865029608,0.9999999999999999,1.0182237139613028,0.1,1.0
lie_seed44,lie,44,53,15,15,True,False,,0.49142861442531205,1.0,0.16379743986593742,0.06179163080123931,0.6179163080123931
lie_seed44,lie,44,53,17,17,False,True,0.6595539099544153,3.156585363242017,1.0,1.0612587095417312,0.1,1.0
lie_seed44,lie,44,53,18,18,False,True,0.6637265139954815,3.1657693178199984,0.9999999999999999,1.0643463978702066,0.1,1.0
lie_seed44,lie,44,53,3,3,False,True,0.6647524050136301,2.9059409384557577,1.0,0.9685754393388374,0.1,1.0
lie_seed44,lie,44,53,8,8,False,True,0.6513416266512697,3.127043559095284,1.0,1.051326617315942,0.1,1.0
lie_seed44,lie,44,53,9,9,False,True,0.6234970356145505,3.000221583606737,1.0,1.0086884781368781,0.1,1.0
lie_seed44,lie,44,54,11,11,True,False,,7.310105033494361e-05,0.9999999999999999,2.4578098428467245e-05,0.05,0.5
lie_seed44,lie,44,54,14,14,False,True,0.6392678584795395,3.0679549288404115,1.0,1.0930962259951493,0.1,1.0
lie_seed44,lie,44,54,16,16,True,False,,7.310105033494361e-05,0.9999999999999999,2.4578098428467245e-05,0.06129914533767616,0.6129914533767615
lie_seed44,lie,44,54,17,17,False,True,0.6632793084146112,3.164435767108586,1.0,1.1274718418819354,0.1,1.0
lie_seed44,lie,44,54,18,18,False,True,0.6619497390558008,3.0655306593813116,1.0,1.0922324715209142,0.1,1.0
lie_seed44,lie,44,54,19,19,True,False,,7.310105033494361e-05,0.9999999999999999,2.4578098428467245e-05,0.06559845855566387,0.6559845855566387
lie_seed44,lie,44,54,3,3,False,True,0.6662040764391537,2.974235396920509,0.9999999999999999,1.0597044490558454,0.1,1.0
lie_seed44,lie,44,54,4,4,False,True,0.6653131584861564,3.217705529945927,1.0,1.1464515785689937,0.1,1.0
lie_seed44,lie,44,54,5,5,True,True,0.46670951972259606,7.310105033494361e-05,0.9999999999999999,2.4578098428467245e-05,0.06912964844028174,0.6912964844028174
lie_seed44,lie,44,54,9,9,False,True,0.6352025232308994,2.8066650088809526,1.0,0.9436593390647368,0.1,1.0
lie_seed44,lie,44,55,1,1,False,True,0.6376982624753653,2.9407812634206154,1.0,1.0341693613253158,0.1,1.0
lie_seed44,lie,44,55,10,10,False,True,0.6695265595860351,3.226714718983385,1.0,1.134722103142277,0.1,1.0
lie_seed44,lie,44,55,11,11,True,False,,6.149633210468434e-05,1.0,2.1565144698306255e-05,0.05,0.5
lie_seed44,lie,44,55,16,16,True,False,,6.149633210468434e-05,1.0,2.1565144698306255e-05,0.05662731052850374,0.5662731052850374
lie_seed44,lie,44,55,17,17,False,True,0.6652781239046476,2.9726366061548766,1.0,1.0453717652103196,0.1,1.0
lie_seed44,lie,44,55,19,19,True,False,,6.149633210468434e-05,1.0,2.1565144698306255e-05,0.058929023011939544,0.5892902301193954
lie_seed44,lie,44,55,3,3,False,True,0.671282319017643,2.8436166970291263,1.0,0.9971815137456251,0.1,1.0
lie_seed44,lie,44,55,4,4,False,True,0.6529695352461441,3.1582615918025687,0.9999999999999999,1.1106495453842877,0.1,1.0
lie_seed44,lie,44,55,5,5,True,True,0.4674801865357568,6.149633210468434e-05,1.0,2.1565144698306255e-05,0.06063025640113508,0.6063025640113507
lie_seed44,lie,44,55,9,9,False,True,0.631968123816376,2.851654044756505,1.0,1.002826452572098,0.1,1.0
lie_seed44,lie,44,56,13,13,False,True,0.6640852209489688,2.8953123021058946,1.0,,0.1,1.0
lie_seed44,lie,44,56,14,14,False,True,0.6426082001377637,3.0203556644217153,0.9999999999999999,,0.1,1.0
lie_seed44,lie,44,56,15,15,True,False,,0.0,0.0,0.0,0.06316574336966894,0.6316574336966895
lie_seed44,lie,44,56,16,16,True,False,,0.0,0.0,0.0,0.05805424529017731,0.5805424529017731
lie_seed44,lie,44,56,19,19,True,False,,0.0,0.0,0.0,0.056642076070637565,0.5664207607063756
lie_seed44,lie,44,56,3,3,False,True,0.6746349073409551,2.8025959072007196,1.0,,0.1,1.0
lie_seed44,lie,44,56,4,4,False,True,0.6444458549426981,3.0163900402178903,1.0,,0.1,1.0
lie_seed44,lie,44,56,5,5,True,False,,0.0,0.0,0.0,0.06007348391332948,0.6007348391332947
lie_seed44,lie,44,56,6,6,False,True,0.6568918179833975,3.1395745825813637,0.9999999999999999,,0.1,1.0
lie_seed44,lie,44,56,7,7,True,False,,0.0,0.0,0.0,0.07912016365263332,0.7912016365263331
lie_seed44,lie,44,57,0,0,False,True,0.6385838555956624,2.9876248281665525,1.0,,0.1,1.0
lie_seed44,lie,44,57,1,1,False,True,0.648283449088091,2.849373195916229,0.9999999999999999,,0.1,1.0
lie_seed44,lie,44,57,10,10,False,True,0.6635611668856924,2.9942050438529475,1.0,,0.1,1.0
lie_seed44,lie,44,57,11,11,True,False,,0.0,0.0,0.0,0.05,0.5
lie_seed44,lie,44,57,15,15,True,False,,0.01653351364550825,1.0,,0.05900493683737395,0.5900493683737394
lie_seed44,lie,44,57,16,16,True,False,,0.0,0.0,0.0,0.05863522611923479,0.5863522611923478
lie_seed44,lie,44,57,19,19,True,False,,0.0,0.0,0.0,0.05764806125955283,0.5764806125955283
lie_seed44,lie,44,57,2,2,False,True,0.6237237685744865,3.2156788524812496,0.9999999999999999,,0.1,1.0
lie_seed44,lie,44,57,5,5,True,False,,0.0,0.0,0.0,0.062396399486073645,0.6239639948607364
lie_seed44,lie,44,57,7,7,True,False,,0.0,0.0,0.0,0.07533378053059403,0.7533378053059403
lie_seed44,lie,44,58,0,0,False,True,0.6375718812707561,2.882710297799949,1.0,1.002267096873925,0.1,1.0
lie_seed44,lie,44,58,10,10,False,True,0.6706580946302577,2.9820358437086765,0.9999999999999999,1.0368008225207004,0.1,1.0
lie_seed44,lie,44,58,11,11,True,False,,9.48248869780189e-05,1.0,3.289435190570074e-05,0.05,0.5
lie_seed44,lie,44,58,13,13,False,True,0.6607088304724886,2.899925328662138,1.0,1.0082524569075049,0.1,1.0
lie_seed44,lie,44,58,14,14,False,True,0.6593882680751921,2.9898378151570615,1.0,1.0395134292226065,0.1,1.0
lie_seed44,lie,44,58,16,16,True,False,,9.48248869780189e-05,1.0,3.289435190570074e-05,0.05043120995257669,0.5043120995257668
lie_seed44,lie,44,58,5,5,True,False,,9.48248869780189e-05,1.0,3.289435190570074e-05,0.053057963532138076,0.5305796353213807
lie_seed44,lie,44,58,6,6,False,True,0.6605203206929251,3.0195490315957505,1.0,1.049843490716238,0.1,1.0
lie_seed44,lie,44,58,7,7,True,False,,9.48248869780189e-05,1.0,3.289435190570074e-05,0.06664248444420233,0.6664248444420232
lie_seed44,lie,44,58,9,9,False,True,0.6307811095691034,2.8761896971287735,0.9999999999999999,0.9977380312284061,0.1,1.0
lie_seed44,lie,44,59,11,11,True,False,,0.0,0.0,,0.05,0.5
lie_seed44,lie,44,59,12,12,False,True,0.6515631895087333,2.9728473940357496,1.0,,0.1,1.0
lie_seed44,lie,44,59,15,15,True,False,,0.0,0.0,,0.059319494104510366,0.5931949410451036
lie_seed44,lie,44,59,16,16,True,False,,0.0,0.0,,0.05238127902331986,0.5238127902331986
lie_seed44,lie,44,59,18,18,False,True,0.6472713330109355,3.0325661489668168,1.0,,0.1,1.0
lie_seed44,lie,44,59,19,19,True,False,,0.0,0.0,,0.056366613065138196,0.5636661306513819
lie_seed44,lie,44,59,2,2,False,True,0.6332056558577839,3.0454433297758814,0.9999999999999999,,0.1,1.0
lie_seed44,lie,44,59,5,5,True,False,,0.0,0.0,,0.05367005099038207,0.5367005099038207
lie_seed44,lie,44,59,7,7,True,False,,0.0,0.0,,0.06801395433391517,0.6801395433391517
lie_seed44,lie,44,59,9,9,False,True,0.6362123672534821,2.7166308543084807,0.9999999999999999,,0.1,1.0
lie_seed44,lie,44,60,0,0,False,True,0.6278477553713808,2.849587570642663,0.9999999999999999,0.9666905898322382,0.1,1.0
lie_seed44,lie,44,60,1,1,False,True,0.653673293089506,2.75372478997728,1.0,0.9341702177829322,0.1,1.0
lie_seed44,lie,44,60,11,11,True,False,,0.17472148616616426,0.9999999999999999,0.05927230251086562,0.05,0.5
lie_seed44,lie,44,60,12,12,False,True,0.6590187883641097,2.988669111726674,0.9999999999999999,1.0488076037798846,0.1,1.0
lie_seed44,lie,44,60,15,15,True,False,,0.22189005017789115,1.0,0.07527370827070069,0.05346431480728064,0.5346431480728063
lie_seed44,lie,44,60,17,17,False,True,0.6669109996231254,3.0832748616120305,0.9999999999999999,1.0820074081515818,0.1,1.0
lie_seed44,lie,44,60,18,18,False,True,0.6451668828753417,2.9477762591411873,1.0,1.0344571577691084,0.1,1.0
lie_seed44,lie,44,60,4,4,False,True,0.6551704234874874,3.057642338422665,1.0,1.073012238656375,0.1,1.0
lie_seed44,lie,44,60,7,7,True,False,,0.1733061201870068,1.0,0.058792155493340686,0.059165306151766295,0.591653061517663
lie_seed44,lie,44,60,8,8,False,True,0.650505940456257,3.064982001288376,0.9999999999999999,1.0755879316939663,0.1,1.0
lie_seed45,lie,45,1,0,0,False,False,,3.8099005490944626,1.0,1.0005375544440689,0.1,1.0
lie_seed45,lie,45,1,1,1,False,False,,3.8116216895894337,1.0,1.0009895519908558,0.1,1.0
lie_seed45,lie,45,1,11,11,False,False,,3.5643573019490504,0.9999999999999999,0.9355512712257613,0.09907666775068058,0.9907666775068057
lie_seed45,lie,45,1,16,16,False,False,,3.7533849540735438,1.0,0.9851661232904487,0.1,1.0
lie_seed45,lie,45,1,17,17,False,False,,3.7539925516077663,1.0,0.9853256018716855,0.1,1.0
lie_seed45,lie,45,1,4,4,False,False,,3.8078536204584212,1.0,0.9994627343654605,0.1,1.0
lie_seed45,lie,45,1,5,5,False,False,,3.8958216107735715,1.0,1.0231017258233157,0.1,1.0
lie_seed45,lie,45,1,6,6,False,False,,3.8939238188335152,0.9999999999999999,1.0226033369330862,0.1,1.0
lie_seed45,lie,45,1,7,7,False,False,,3.80219434779719,1.0,0.9979773221904429,0.1,1.0
lie_seed45,lie,45,1,8,8,False,False,,3.877053821491859,1.0,1.0181730202709596,0.1,1.0
lie_seed45,lie,45,2,0,0,False,False,,3.4922185897167113,0.9999999999999999,1.0241701960403906,0.1,1.0
lie_seed45,lie,45,2,10,10,False,False,,3.399458299744983,1.0,0.9924568080336289,0.1,1.0
lie_seed45,lie,45,2,13,13,False,False,,3.3627173100907344,1.0,0.9817304386826686,0.1,1.0
lie_seed45,lie,45,2,15,15,False,False,,3.4904378473738045,1.0,1.0236479540364671,0.1,1.0
lie_seed45,lie,45,2,16,16,False,False,,3.328528243086925,1.0,0.971749091857266,0.1,1.0
lie_seed45,lie,45,2,19,19,False,False,,3.425295964748719,1.0,1.0045436588772154,0.1,1.0
lie_seed45,lie,45,2,3,3,False,False,,3.425570237154434,1.0,1.0046240953150594,0.1,1.0
lie_seed45,lie,45,2,4,4,False,False,,3.4098029831547523,0.9999999999999999,0.9954768925799662,0.1,1.0
lie_seed45,lie,45,2,7,7,False,False,,3.3143384072507835,1.0,0.9676064320748192,0.1,1.0
lie_seed45,lie,45,2,9,9,False,False,,3.555538061668804,1.0,1.0427400290380466,0.1,1.0
lie_seed45,lie,45,3,0,0,False,False,,3.028975727814734,0.9999999999999999,0.9931418275851146,0.1,1.0
lie_seed45,lie,45,3,1,1,False,False,,3.035470385763074,1.0,0.9952712987476348,0.1,1.0
lie_seed45,lie,45,3,10,10,False,False,,3.070044515301277,1.0,1.0113900401401912,0.1,1.0
lie_seed45,lie,45,3,11,11,False,False,,3.088454853327518,1.0,1.0174551093672173,0.1,1.0
lie_seed45,lie,45,3,12,12,False,False,,3.115002109500736,0.9999999999999999,1.0262007905300874,0.1,1.0
lie_seed45,lie,45,3,13,13,False,False,,2.88899522306356,0.9999999999999999,0.9472449611829648,0.1,1.0
lie_seed45,lie,45,3,14,14,False,False,,3.0877166255681328,1.0,1.0172119089186649,0.1,1.0
lie_seed45,lie,45,3,2,2,False,False,,3.030326079408448,1.0,0.993584581430036,0.1,1.0
lie_seed45,lie,45,3,8,8,False,False,,3.049892415849481,1.0,1.0047511681069428,0.1,1.0
lie_seed45,lie,45,3,9,9,False,False,,3.0224224510986466,1.0,0.9909931364765261,0.1,1.0
lie_seed45,lie,45,4,10,10,False,False,,2.947131680014988,0.9999999999999999,0.9907186110750197,0.1,1.0
lie_seed45,lie,45,4,12,12,False,False,,2.9971649886301246,0.9999999999999999,1.0169769504886468,0.1,1.0
lie_seed45,lie,45,4,13,13,False,False,,2.931185493065632,1.0,0.9853580822959567,0.1,1.0
lie_seed45,lie,45,4,16,16,False,False,,2.9421146862438454,1.0,0.9890320800202915,0.1,1.0
lie_seed45,lie,45,4,17,17,False,False,,2.982160982825093,1.0,1.0118858967339819,0.1,1.0
lie_seed45,lie,45,4,3,3,False,False,,2.9339188436423016,1.0,0.9862769354660619,0.1,1.0
lie_seed45,lie,45,4,4,4,False,False,,2.9125168579774483,1.0,0.9790823653503408,0.1,1.0
lie_seed45,lie,45,4,5,5,False,False,,2.974741412011108,1.0,1.0093683401333393,0.1,1.0
lie_seed45,lie,45,4,6,6,False,False,,3.0010239015936087,0.9999999999999999,1.0182863297029017,0.1,1.0
lie_seed45,lie,45,4,9,9,False,False,,3.007048261350583,1.0,1.0203304730975884,0.1,1.0
lie_seed45,lie,45,5,12,12,False,False,,3.012432387974595,1.0,1.0096617122813685,0.1,1.0
lie_seed45,lie,45,5,13,13,False,False,,2.952691005475947,0.9999999999999999,0.9865871858531636,0.1,1.0
lie_seed45,lie,45,5,14,14,False,False,,2.996063932640095,0.9999999999999999,1.004175579976323,0.1,1.0
lie_seed45,lie,45,5,17,17,False,False,,2.9928333226045,1.0,1.003092792766468,0.1,1.0
lie_seed45,lie,45,5,18,18,False,False,,2.930726198644686,1.0,0.9792480511725372,0.1,1.0
lie_seed45,lie,45,5,19,19,False,False,,2.9423491958477683,1.0,0.9831316611000581,0.1,1.0
lie_seed45,lie,45,5,2,2,False,False,,2.9835782105011606,1.0,0.9969075751618252,0.1,1.0
lie_seed45,lie,45,5,5,5,False,False,,3.0156661804154785,0.9999999999999999,1.0107455661218925,0.1,1.0
lie_seed45,lie,45,5,7,7,False,False,,2.9836056486364044,0.9999999999999999,0.9969167431081444,0.1,1.0
lie_seed45,lie,45,5,9,9,False,False,,3.021019495797021,0.9999999999999999,1.0125398097358194,0.1,1.0
lie_seed45,lie,45,6,0,0,False,False,,3.006930109777424,1.0,0.9952184232439126,0.1,1.0
lie_seed45,lie,45,6,1,1,False,False,,3.024697781252915,0.9999999999999999,1.0059089073662593,0.1,1.0
lie_seed45,lie,45,6,10,10,False,False,,2.9632633888660633,0.9999999999999999,0.980765834208894,0.1,1.0
lie_seed45,lie,45,6,11,11,False,False,,3.0213770560801527,0.9999999999999999,1.0048045500810785,0.1,1.0
lie_seed45,lie,45,6,12,12,False,False,,3.0489308310338035,1.0,1.0139679738879892,0.1,1.0
lie_seed45,lie,45,6,15,15,False,False,,3.041596125916842,1.0,1.0115287069781558,0.1,1.0
lie_seed45,lie,45,6,16,16,False,False,,2.9859079760040768,1.0,0.9882606244047896,0.1,1.0
lie_seed45,lie,45,6,4,4,False,False,,2.98048097783035,1.0,0.9864644241712552,0.1,1.0
lie_seed45,lie,45,6,7,7,False,False,,2.9599531511867743,1.0,0.9796702285900496,0.1,1.0
lie_seed45,lie,45,6,9,9,False,True,0.5132566867181075,3.029497807295021,0.9999999999999999,1.0075052284867596,0.1,1.0
lie_seed45,lie,45,7,0,0,False,True,0.49587030619087824,3.025245492812346,1.0,1.0004640447837772,0.1,1.0
lie_seed45,lie,45,7,10,10,False,True,0.5180863908350907,3.0231060856522483,1.0,0.9992928153549255,0.1,1.0
lie_seed45,lie,45,7,12,12,False,True,0.5146146472936215,3.095818779744041,1.0,1.0238029890992455,0.1,1.0
lie_seed45,lie,45,7,13,13,False,True,0.5299251689588269,3.014223039297361,1.0,0.9963565094002542,0.1,1.0
lie_seed45,lie,45,7,16,16,False,True,0.5012575852808014,3.0129491923101654,1.0,0.9959354371301783,0.1,1.0
lie_seed45,lie,45,7,18,18,False,False,,3.058444249933782,0.9999999999999999,1.0114430423264291,0.1,1.0
lie_seed45,lie,45,7,2,2,False,False,,3.069548329214861,0.9999999999999999,1.0151152177242744,0.1,1.0
lie_seed45,lie,45,7,3,3,False,False,,3.0065145479200903,1.0,0.9938084545744277,0.1,1.0
lie_seed45,lie,45,7,5,5,False,False,,3.058179692693097,1.0,1.0113555519036779,0.1,1.0
lie_seed45,lie,45,7,6,6,False,False,,3.023842294568587,0.9999999999999999,0.9995361704539044,0.1,1.0
lie_seed45,lie,45,8,1,1,False,False,,3.036506401847152,1.0,1.001219756062094,0.1,1.0
lie_seed45,lie,45,8,12,12,False,True,0.5388834204703904,3.067444398230743,0.9999999999999999,1.0114208651963892,0.1,1.0
lie_seed45,lie,45,8,14,14,False,False,,3.0530181641050844,1.0,1.0066641386492625,0.1,1.0
lie_seed45,lie,45,8,15,15,False,False,,3.032807116981053,1.0,0.998781729930209,0.1,1.0
lie_seed45,lie,45,8,16,16,False,True,0.5135580984770823,2.987868157509783,1.0,0.9839821696711123,0.1,1.0
lie_seed45,lie,45,8,17,17,False,False,,3.030519062336008,1.0,0.9980282144284293,0.1,1.0
lie_seed45,lie,45,8,18,18,False,False,,3.0387354384548284,0.9999999999999999,1.001954730797281,0.1,1.0
lie_seed45,lie,45,8,4,4,False,True,0.4733252875097362,3.0271150546175893,0.9999999999999999,0.9969071867512448,0.1,1.0
lie_seed45,lie,45,8,7,7,False,True,0.5077854621442194,3.0393751037336725,1.0,1.002165646049775,0.1,1.0
lie_seed45,lie,45,8,8,8,False,False,,3.0224641281062237,1.0,0.995375516503971,0.1,1.0
lie_seed45,lie,45,9,0,0,False,True,0.5137973454218695,3.113541654069555,0.9999999999999999,1.0254007159400103,0.1,1.0
lie_seed45,lie,45,9,1,1,False,True,0.5070837272701296,3.085407031248963,1.0,1.0161349775660817,0.1,1.0
lie_seed45,lie,45,9,13,13,False,True,0.5506613748549137,3.014590703526842,1.0,0.9925487939291618,0.1,1.0
lie_seed45,lie,45,9,17,17,False,True,0.4967215580080412,3.020054053520702,0.9999999999999999,0.9943475924993539,0.1,1.0
lie_seed45,lie,45,9,18,18,False,False,,3.0586892357105744,1.0,1.0073358511315296,0.1,1.0
lie_seed45,lie,45,9,4,4,False,True,0.5002933929849478,3.0319509196956056,1.0,0.9982646151849286,0.1,1.0
lie_seed45,lie,45,9,5,5,False,True,0.49899737520958304,3.03722166805836,0.9999999999999998,1.0002658126718547,0.1,1.0
lie_seed45,lie,45,9,6,6,False,False,,3.0276377104645364,1.0,0.9968444984787856,0.1,1.0
lie_seed45,lie,45,9,7,7,False,True,0.5308620274140782,3.036414550593808,1.0,0.9997342579657454,0.1,1.0
lie_seed45,lie,45,9,9,9,False,True,0.5234126617506805,3.049216787516121,0.9999999999999999,1.0042162348747175,0.1,1.0
lie_seed45,lie,45,10,11,11,False,False,,3.06318529531978,1.0,0.992511138337665,0.1,1.0
lie_seed45,lie,45,10,12,12,False,True,0.5500093031880078,3.075728858769477,1.0,0.9965754130184331,0.1,1.0
lie_seed45,lie,45,10,15,15,False,False,,3.0211646414748183,0.9999999999999999,0.9788959100832468,0.1,1.0
lie_seed45,lie,45,10,18,18,False,True,0.537740327707453,3.086298155253191,0.9999999999999999,1.0034363550784324,0.1,1.0
lie_seed45,lie,45,10,19,19,False,False,,3.0900589230983426,0.9999999999999999,1.0046590791928904,0.1,1.0
lie_seed45,lie,45,10,2,2,False,False,,2.9896618700528808,1.0,0.9686886099984133,0.1,1.0
lie_seed45,lie,45,10,4,4,False,True,0.5341242298629629,3.098966395011377,1.0000000000000002,1.0075551315830864,0.1,1.0
lie_seed45,lie,45,10,5,5,False,True,0.5524541131207898,3.0944725092443757,1.0,1.006094051633146,0.1,1.0
lie_seed45,lie,45,10,7,7,False,True,0.5588830962431327,3.0963365295068908,1.0,1.0067000934359533,0.1,1.0
lie_seed45,lie,45,10,9,9,False,True,0.5382290851009497,3.045038001292797,1.0,0.9866311834162343,0.1,1.0
lie_seed45,lie,45,11,0,0,False,True,0.5318531583132677,3.178767277952811,0.9999999999999999,0.9902333634076664,0.1,1.0
lie_seed45,lie,45,11,10,10,True,True,0.47915709094810993,0.19359592772321446,0.9999999999999999,0.06030801562008278,0.1,1.0
lie_seed45,lie,45,11,11,11,False,True,0.5222153322202635,3.181031422441671,1.0,0.9909386781464945,0.1,1.0
lie_seed45,lie,45,11,12,12,False,True,0.585233311676472,3.2101193470333045,1.0,1.0091441802135066,0.1,1.0
lie_seed45,lie,45,11,19,19,True,False,,0.19359592772321446,0.9999999999999999,0.06030801562008278,0.1,1.0
lie_seed45,lie,45,11,2,2,False,True,0.5517079321116629,3.210746993425954,0.9999999999999999,1.00934148929641,0.1,1.0
lie_seed45,lie,45,11,3,3,False,False,,3.219424202555124,1.0,1.0120692866604832,0.1,1.0
lie_seed45,lie,45,11,4,4,False,True,0.5487302542561888,3.257063961526956,0.9999999999999999,1.0239018509999265,0.1,1.0
lie_seed45,lie,45,11,5,5,True,True,0.5168678309673397,0.19359592772321446,0.9999999999999999,0.06030801562008278,0.1,1.0
lie_seed45,lie,45,11,7,7,False,True,0.569196846672503,3.219706232710134,0.9999999999999999,1.0121579466319064,0.1,1.0
lie_seed45,lie,45,12,1,1,False,True,0.5618251013716353,3.2635895077232937,1.0,1.0029077554758876,0.1,1.0
lie_seed45,lie,45,12,11,11,False,True,0.5704932900235539,3.284748594699388,1.0,1.0094099863406747,0.1,1.0
lie_seed45,lie,45,12,12,12,False,True,0.5844070227901899,3.301168177081429,1.0,1.0144557577140827,0.1,1.0
lie_seed45,lie,45,12,13,13,False,True,0.5534155907310405,3.2737581843080408,1.0,1.0060326106654374,0.1,1.0
lie_seed45,lie,45,12,14,14,True,False,,5.325319775892631e-05,0.9999999999999999,1.6317370071481865e-05,0.1,1.0
lie_seed45,lie,45,12,19,19,True,True,0.4510026825604796,5.325319775892631e-05,0.9999999999999999,1.6317370071481865e-05,0.1,1.0
lie_seed45,lie,45,12,3,3,False,True,0.5646088529765984,3.2913698113337695,1.0,1.011444699804973,0.1,1.0
lie_seed45,lie,45,12,6,6,True,True,0.48128720295884814,5.325319775892631e-05,0.9999999999999999,1.6317370071481865e-05,0.1,1.0
lie_seed45,lie,45,12,8,8,True,False,,5.325319775892631e-05,0.9999999999999999,1.6317370071481865e-05,0.1,1.0
lie_seed45,lie,45,12,9,9,False,True,0.5686237328560084,3.2541273012438663,1.0,0.997100675052106,0.1,1.0
lie_seed45,lie,45,13,11,11,False,True,0.6124637447244082,3.3037951243412147,0.9999999999999999,1.0384469761054922,0.1,1.0
lie_seed45,lie,45,13,13,13,False,True,0.5568757897757147,3.1867451848015547,1.0,1.0016559066857356,0.1,1.0
lie_seed45,lie,45,13,14,14,True,True,0.4720113712887488,0.06300691089622615,1.0,0.019771556005394802,0.1,1.0
lie_seed45,lie,45,13,16,16,False,True,0.541406226580174,3.221741467994372,0.9999999999999999,1.0126559182145254,0.1,1.0
lie_seed45,lie,45,13,18,18,False,True,0.564478809338076,3.283581416083835,1.0,1.0320934149959968,0.1,1.0
lie_seed45,lie,45,13,2,2,False,True,0.5521463632252807,3.1814769558398655,1.0,0.9983468308081818,0.1,1.0
lie_seed45,lie,45,13,5,5,True,True,0.515872708464053,0.016387888103064296,1.0,0.005142516000721534,0.1,1.0
lie_seed45,lie,45,13,6,6,True,True,0.4589450798484301,0.01067474334420634,0.9999999999999999,0.0033497323209640555,0.1,1.0
lie_seed45,lie,45,13,7,7,False,True,0.611626646703466,3.2683867308955494,0.9999999999999999,1.0273174303199506,0.1,1.0
lie_seed45,lie,45,13,8,8,True,True,0.4390454140608947,0.014728696956922464,1.0,0.004621862151755209,0.1,1.0
lie_seed45,lie,45,14,10,10,True,True,0.45445115105204237,0.19785105141882633,1.0,0.05945711325321916,0.1,1.0
lie_seed45,lie,45,14,11,11,False,True,0.6448488983686654,3.3616966397874397,1.0,1.0111724258085564,0.1,1.0
lie_seed45,lie,45,14,12,12,False,True,0.5872974030261782,3.404637367783196,1.0,1.0240886656558852,0.1,1.0
lie_seed45,lie,45,14,15,15,False,True,0.552078671021555,3.2599121259389796,0.9999999999999999,0.9796509196061473,0.1,1.0
lie_seed45,lie,45,14,17,17,False,True,0.5403680052492251,3.3276262602290765,1.0,1.000924318368253,0.1,1.0
lie_seed45,lie,45,14,19,19,True,True,0.4488671459217297,0.19991004600648235,1.0,0.06007587101825563,0.1,1.0
lie_seed45,lie,45,14,2,2,False,True,0.579411782104832,3.352241164977641,1.0,1.0083282919008636,0.1,1.0
lie_seed45,lie,45,14,3,3,False,True,0.5967637324041912,3.400981624245199,1.0,1.022989046190613,0.1,1.0
lie_seed45,lie,45,14,5,5,True,True,0.4725612277590747,0.2006419478285034,0.9999999999999999,0.06029581814115478,0.1,1.0
lie_seed45,lie,45,14,9,9,False,True,0.5941191177800635,3.3245533145342163,1.0,0.9990765352072175,0.1,1.0
lie_seed45,lie,45,15,0,0,False,True,0.5494688369272944,3.344948364844382,0.9999999999999998,1.00852167829638,0.1,1.0
lie_seed45,lie,45,15,12,12,False,True,0.6233712912210099,3.3825550808314326,1.0,1.0198603251709004,0.1,1.0
lie_seed45,lie,45,15,14,14,True,True,0.44184288507755687,3.589284500274545e-05,1.0,1.0756732274696485e-05,0.1,1.0
lie_seed45,lie,45,15,15,15,False,True,0.5884581623173958,3.3971928962659645,1.0,1.0242737129360995,0.1,1.0
lie_seed45,lie,45,15,17,17,False,True,0.5545182589955662,3.316684645286706,1.0,0.9939777347328377,0.1,1.0
lie_seed45,lie,45,15,18,18,False,True,0.5766416791720204,3.414805372851716,0.9999999999999999,1.0295839785987637,0.1,1.0
lie_seed45,lie,45,15,2,2,False,True,0.6121846362179757,3.3367796172800266,1.0,1.0060587526830076,0.1,1.0
lie_seed45,lie,45,15,5,5,True,True,0.44323706288963494,3.589284500274545e-05,1.0,1.0756732274696485e-05,0.1,1.0
lie_seed45,lie,45,15,6,6,True,True,0.44676058597409046,3.589284500274545e-05,1.0,1.0756732274696485e-05,0.1,1.0
lie_seed45,lie,45,15,8,8,True,True,0.43491272370100936,3.589284500274545e-05,1.0,1.0756732274696485e-05,0.1,1.0
lie_seed45,lie,45,16,1,1,False,True,0.5817182349551581,3.35886536701785,0.9999999999999999,0.9986827632209868,0.1,1.0
lie_seed45,lie,45,16,13,13,False,True,0.5793815710543209,3.383995627305679,1.0,1.006505554401606,0.1,1.0
lie_seed45,lie,45,16,14,14,True,True,0.4556762255733292,0.5376977621912324,0.9999999999999999,0.1598722866941357,0.1,1.0
lie_seed45,lie,45,16,15,15,False,True,0.6001004320709652,3.3496133830268064,1.0,0.9959318947199205,0.1,1.0
lie_seed45,lie,45,16,17,17,False,True,0.5968100263329638,3.414094594052701,1.0,1.0154579233019012,0.1,1.0
lie_seed45,lie,45,16,18,18,False,True,0.6031973835633345,3.3621231522339228,1.0,0.9996513920840294,0.1,1.0
lie_seed45,lie,45,16,3,3,False,True,0.6250177478650363,3.4018991965727423,1.0,1.0118306327691746,0.1,1.0
lie_seed45,lie,45,16,4,4,False,True,0.5660813817546261,3.4196217964443374,1.0,1.0171018852097105,0.1,1.0
lie_seed45,lie,45,16,5,5,True,True,0.4226387386782951,0.550859964642841,1.0,0.16378577034951575,0.1,1.0
lie_seed45,lie,45,16,9,9,False,True,0.6045465492444236,3.363295623712098,1.0,1.0003487294858298,0.1,1.0
lie_seed45,lie,45,17,0,0,False,True,0.5780291119270812,3.3187661574686023,1.0,0.9977548879826119,0.1,1.0
lie_seed45,lie,45,17,1,1,False,True,0.6025751329152754,3.361002856320574,1.0,1.0113262059647696,0.1,1.0
lie_seed45,lie,45,17,10,10,True,True,0.4483159676631867,0.5417120101572005,1.0,0.16286046692289333,0.1,1.0
lie_seed45,lie,45,17,12,12,False,True,0.6496575323450942,3.3262339252267727,1.0,1.0008642299797093,0.1,1.0
lie_seed45,lie,45,17,15,15,False,True,0.6239066124452212,3.2816133835380294,1.0,0.986585266493035,0.1,1.0
lie_seed45,lie,45,17,16,16,False,True,0.5476372563608536,3.4138778097178197,1.0,1.0272362864662603,0.1,1.0
lie_seed45,lie,45,17,2,2,False,True,0.6324693417743452,3.3530471013148717,1.0,1.0089323182266585,0.1,1.0
lie_seed45,lie,45,17,4,4,False,True,0.574522353517945,3.361535819794537,1.0,1.0114865747448873,0.1,1.0
lie_seed45,lie,45,17,7,7,False,True,0.6369504405150449,3.323361776346234,1.0,0.9991365162688182,0.1,1.0
lie_seed45,lie,45,17,8,8,True,True,0.42937295642043644,0.5417120101572005,1.0,0.16286046692289333,0.1,1.0
lie_seed45,lie,45,18,0,0,False,True,0.6138754763018702,3.2482890777794564,1.0,0.9845832462125651,0.1,1.0
lie_seed45,lie,45,18,1,1,False,True,0.6263038774348213,3.3104365504833337,1.0,1.0191323712932476,0.1,1.0
lie_seed45,lie,45,18,10,10,True,True,0.48485240562482806,0.061415067347777345,1.0,0.018615414123478894,0.1,1.0
lie_seed45,lie,45,18,11,11,False,True,0.6636271127787678,3.31178793338274,1.0,1.0195484004295243,0.1,1.0
lie_seed45,lie,45,18,14,14,True,True,0.4420001422125432,0.03754982762834208,1.0,0.011381662867982423,0.1,1.0
lie_seed45,lie,45,18,18,18,False,True,0.6319713436523583,3.3022555884907976,0.9999999999999999,1.016613826361856,0.1,1.0
lie_seed45,lie,45,18,2,2,False,True,0.6298762367910078,3.299151280782785,1.0,1.0156581516562861,0.1,1.0
lie_seed45,lie,45,18,6,6,True,True,0.4422297813835609,0.03560717328065421,1.0,0.010792828291343384,0.1,1.0
lie_seed45,lie,45,18,8,8,True,True,0.48492474460030244,0.061415067347777345,1.0,0.018615414123478894,0.1,1.0
lie_seed45,lie,45,18,9,9,False,True,0.6254031832436873,3.316941698863445,1.0,1.0211350096743605,0.1,1.0
lie_seed45,lie,45,19,10,10,True,False,,0.0,0.0,0.0,0.1,1.0
lie_seed45,lie,45,19,12,12,False,True,0.6420228526272722,3.324095384554689,1.0000000000000002,,0.1,1.0
lie_seed45,lie,45,19,13,13,False,True,0.6049633422775211,3.282755236709409,0.9999999999999999,,0.1,1.0
lie_seed45,lie,45,19,14,14,True,False,,0.0,0.0,0.0,0.1,1.0
lie_seed45,lie,45,19,17,17,False,True,0.622506924513013,3.3245396351537893,1.0,,0.1,1.0
lie_seed45,lie,45,19,18,18,False,True,0.6570478641570976,3.336581037017848,1.0,,0.1,1.0
lie_seed45,lie,45,19,19,19,True,False,,0.0,0.0,0.0,0.1,1.0
lie_seed45,lie,45,19,6,6,True,False,,0.0,0.0,0.0,0.1,1.0
lie_seed45,lie,45,19,7,7,False,True,0.638429649231344,3.291275305831184,1.0,,0.1,1.0
lie_seed45,lie,45,19,8,8,True,False,,0.0,0.0,0.0,0.1,1.0
lie_seed45,lie,45,20,0,0,False,True,0.6457592173156776,3.298454146408331,1.0,1.0148204172938766,0.1,1.0
lie_seed45,lie,45,20,1,1,False,True,0.6546683910331191,3.279247538349284,1.0,1.0089112073609432,0.1,1.0
lie_seed45,lie,45,20,10,10,True,False,,0.038384903079871996,0.9999999999999999,0.011705399678120757,0.1,1.0
lie_seed45,lie,45,20,14,14,True,False,,0.087517645633583,0.9999999999999999,0.0266883315791518,0.1,1.0
lie_seed45,lie,45,20,15,15,False,True,0.6360077376303851,3.406903171742336,1.0,1.0481864367258609,0.1,1.0
lie_seed45,lie,45,20,16,16,False,True,0.5648173544421244,3.2502835873207983,1.0,0.9911675008703168,0.1,1.0
lie_seed45,lie,45,20,19,19,True,False,,0.05227969970351395,1.0,0.015942590210750188,0.1,1.0
lie_seed45,lie,45,20,3,3,False,True,0.6507054416126917,3.3715193022665173,0.9999999999999999,1.0373000421928271,0.1,1.0
lie_seed45,lie,45,20,7,7,False,True,0.6567266192154797,3.3120963490712003,1.0,1.0190176518724492,0.1,1.0
lie_seed45,lie,45,20,8,8,True,False,,0.05115173357447316,1.0,0.015598619188175728,0.1,1.0
lie_seed45,lie,45,21,0,0,False,True,0.6425691550699009,3.3229458998834747,1.0,0.9907278337176159,0.1,1.0
lie_seed45,lie,45,21,10,10,True,False,,4.246828617173094e-05,1.0,1.2661811064120604e-05,0.1,1.0
lie_seed45,lie,45,21,11,11,False,True,0.6589059336254117,3.3540451643661036,0.9999999999999999,1.0093589439670743,0.1,1.0
lie_seed45,lie,45,21,13,13,False,True,0.6223525210534813,3.3773112655460196,0.9999999999999999,1.0163605930702788,0.1,1.0
lie_seed45,lie,45,21,16,16,False,True,0.6091355561173791,3.422877153541634,0.9999999999999999,1.0300730907661373,0.1,1.0
lie_seed45,lie,45,21,17,17,False,True,0.6613104108381515,3.357526515460772,1.0,1.0104066140765366,0.1,1.0
lie_seed45,lie,45,21,19,19,True,False,,4.246828617173094e-05,1.0,1.2661811064120604e-05,0.1,1.0
lie_seed45,lie,45,21,3,3,False,True,0.6479319168433232,3.393801315387526,0.9999999999999999,1.0213230722493967,0.1,1.0
lie_seed45,lie,45,21,5,5,True,True,0.4073438268565053,4.246828617173094e-05,1.0,1.2661811064120604e-05,0.1,1.0
lie_seed45,lie,45,21,6,6,True,False,,4.246828617173094e-05,1.0,1.2661811064120604e-05,0.1,1.0
lie_seed45,lie,45,22,10,10,True,False,,0.0008224322855156164,1.0,0.000246821331771396,0.1,1.0
lie_seed45,lie,45,22,11,11,False,True,0.650286422639063,3.265238019689416,1.0,0.979935261253839,0.1,1.0
lie_seed45,lie,45,22,12,12,False,True,0.6492477952299577,3.3581963015975504,1.0,1.0284690675986239,0.1,1.0
lie_seed45,lie,45,22,15,15,False,True,0.6416257389517127,3.3320956483507946,0.9999999999999999,1.0204755758257826,0.1,1.0
lie_seed45,lie,45,22,16,16,False,True,0.6562165175537596,3.340931002195107,1.0,1.0231814593757826,0.1,1.0
lie_seed45,lie,45,22,18,18,False,True,0.6612922320259131,3.3852065346373603,0.9999999999999999,1.0367411239929625,0.1,1.0
lie_seed45,lie,45,22,4,4,False,True,0.5999856915836878,3.406553545873099,0.9999999999999999,1.0432787825363876,0.1,1.0
lie_seed45,lie,45,22,5,5,True,True,0.4635507564868215,0.0008224322855156164,1.0,0.000246821331771396,0.1,1.0
lie_seed45,lie,45,22,6,6,True,False,,0.0017271521651014245,0.9999999999999999,0.0005183381113193046,0.1,1.0
lie_seed45,lie,45,22,8,8,True,False,,0.0008224322855156164,1.0,0.000246821331771396,0.1,1.0
lie_seed45,lie,45,23,10,10,True,False,,0.20015373356284646,1.0,0.059669312735093176,0.1,1.0
lie_seed45,lie,45,23,11,11,False,True,0.6561886141871087,3.2537178594973923,0.9999999999999999,0.9699899425016093,0.1,1.0
lie_seed45,lie,45,23,12,12,False,True,0.6605498705286597,3.354383088865887,1.0,1.0057922181052108,0.1,1.0
lie_seed45,lie,45,23,13,13,False,True,0.6354229911717084,3.4006758629591736,1.0,1.0196728365986911,0.1,1.0
lie_seed45,lie,45,23,14,14,True,False,,0.20015373356284646,1.0,0.059669312735093176,0.1,1.0
lie_seed45,lie,45,23,2,2,False,True,0.6375368300413075,3.3776942247023056,0.9999999999999999,1.0127819263163234,0.1,1.0
lie_seed45,lie,45,23,3,3,False,True,0.6465918119474124,3.364361665559064,0.9999999999999999,1.008784236166319,0.1,1.0
lie_seed45,lie,45,23,4,4,False,True,0.6329259973925823,3.421135224148534,1.0,1.025807456803511,0.1,1.0
lie_seed45,lie,45,23,6,6,True,False,,0.20015373356284646,1.0,0.059669312735093176,0.1,1.0
lie_seed45,lie,45,23,7,7,False,True,0.6466688835926527,3.3350656611612424,1.0,0.9942411384767695,0.1,1.0
lie_seed45,lie,45,24,0,0,False,True,0.6437472909824249,3.2923179950908668,1.0,1.0124355636667413,0.1,1.0
lie_seed45,lie,45,24,10,10,True,True,0.4814322544174931,0.20725115817180678,1.0,0.06294992114395885,0.1,1.0
lie_seed45,lie,45,24,11,11,False,True,0.6626916737213262,3.2488453523919625,1.0,0.9867957339589536,0.1,1.0
lie_seed45,lie,45,24,13,13,False,True,0.6504281240683171,3.251879046175608,0.9999999999999999,0.9877171801218604,0.1,1.0
lie_seed45,lie,45,24,18,18,False,True,0.6592528474545988,3.309683532793006,1.0,1.017775718529685,0.1,1.0
lie_seed45,lie,45,24,2,2,False,True,0.6431203640544041,3.364900306558427,0.9999999999999999,1.0347556778028808,0.1,1.0
lie_seed45,lie,45,24,3,3,False,True,0.6411538615017719,3.3505176574844584,0.9999999999999999,1.0303328044826436,0.1,1.0
lie_seed45,lie,45,24,5,5,True,True,0.4538450502124566,0.19333560819112056,1.0,0.0587232486288994,0.1,1.0
lie_seed45,lie,45,24,8,8,True,False,,0.20725115817180678,1.0,0.06294992114395885,0.1,1.0
lie_seed45,lie,45,24,9,9,False,True,0.6526583325779727,3.36202809921569,0.9999999999999999,1.0338724323617212,0.1,1.0
lie_seed45,lie,45,25,0,0,False,True,0.6494238307084015,3.272067853261596,0.9999999999999999,0.9890132050032685,0.1,1.0
lie_seed45,lie,45,25,13,13,False,True,0.651563613088645,3.296772899139745,1.0,0.9964805368861773,0.1,1.0
lie_seed45,lie,45,25,16,16,False,True,0.6628560714055434,3.380828491134428,1.0,1.0254963246078055,0.1,1.0
lie_seed45,lie,45,25,18,18,False,True,0.6615326340898293,3.3084167498560166,1.0,1.003531893482657,0.1,1.0
lie_seed45,lie,45,25,3,3,False,True,0.6383669943706163,3.327455534867532,1.0,1.0093068696772511,0.1,1.0
lie_seed45,lie,45,25,5,5,True,True,0.471942347257125,0.19859486541162277,0.9999999999999999,0.06002716115503456,0.1,1.0
lie_seed45,lie,45,25,6,6,True,False,,0.19859486541162277,0.9999999999999999,0.06002716115503456,0.1,1.0
lie_seed45,lie,45,25,7,7,False,True,0.6504514387099095,3.3334004553351004,1.0,1.0111101241474392,0.1,1.0
lie_seed45,lie,45,25,8,8,True,False,,0.19859486541162277,0.9999999999999999,0.06002716115503456,0.1,1.0
lie_seed45,lie,45,25,9,9,False,True,0.6541382054400042,3.356108099999208,1.0,1.0179979642743804,0.1,1.0
lie_seed45,lie,45,26,1,1,False,True,0.6470364134477476,3.3129411734797576,0.9999999999999999,1.0343479816745786,0.1,1.0
lie_seed45,lie,45,26,11,11,False,True,0.6430899786638086,3.133743169395984,1.0,0.9665685112849913,0.1,1.0
lie_seed45,lie,45,26,12,12,False,True,0.6453279601683927,3.2029270924048254,1.0,0.9879075291472625,0.1,1.0
lie_seed45,lie,45,26,13,13,False,True,0.6396834711698174,3.1805395929324525,1.0,0.9810023518986191,0.1,1.0
lie_seed45,lie,45,26,15,15,False,True,0.6210065840655682,3.2822716766223348,1.0,1.0247725227357378,0.1,1.0
lie_seed45,lie,45,26,16,16,False,True,0.6569634496050732,3.2664332294368483,1.0,1.0198275312549625,0.1,1.0
lie_seed45,lie,45,26,17,17,False,True,0.645651361578801,3.3270873914585906,1.0,1.0387646348080133,0.1,1.0
lie_seed45,lie,45,26,5,5,True,True,0.4865869848225003,0.9358960516088385,1.0,0.2886668129524526,0.1,1.0
lie_seed45,lie,45,26,7,7,False,True,0.6496357285431751,3.1679267568082183,1.0,0.9771120617322963,0.1,1.0
lie_seed45,lie,45,26,9,9,False,True,0.6527359956918052,3.242132484980161,1.0,1.0122404886044094,0.1,1.0
lie_seed45,lie,45,27,11,11,False,True,0.6405503573569709,3.164699771072743,0.9999999999999999,0.9889130212098103,0.1,1.0
lie_seed45,lie,45,27,12,12,False,True,0.6319691519597634,3.2001800999658516,1.0,1.00453444401326,0.1,1.0
lie_seed45,lie,45,27,13,13,False,True,0.6234316253227737,3.1170420775647965,1.0,0.9740208301395468,0.1,1.0
lie_seed45,lie,45,27,15,15,False,True,0.6415499429722861,3.261029186548133,1.0,1.0236349325636696,0.1,1.0
lie_seed45,lie,45,27,17,17,False,True,0.6378715923712149,3.2244122259586803,1.0,1.0121408925414928,0.1,1.0
lie_seed45,lie,45,27,18,18,False,True,0.6583408743167635,3.2276406313067563,1.0,1.01315428687246,0.1,1.0
lie_seed45,lie,45,27,3,3,False,True,0.6339660189437536,3.1734142291591256,1.0,0.9916361361015239,0.1,1.0
lie_seed45,lie,45,27,4,4,False,True,0.6234775770541117,3.350635617879144,1.0,1.0517623328553187,0.1,1.0
lie_seed45,lie,45,27,8,8,True,True,0.5583727427075239,0.9297523678043262,1.0,0.2905312634792796,0.1,1.0
lie_seed45,lie,45,27,9,9,False,True,0.6387443548698367,3.185734564940024,1.0,0.9954860243565724,0.1,1.0
lie_seed45,lie,45,28,11,11,False,True,0.6327641202406741,3.228510028155349,1.0000000000000002,0.9916981421766846,0.1,1.0
lie_seed45,lie,45,28,13,13,False,True,0.6314974488772366,3.2197916391462456,1.0,0.989020123490758,0.1,1.0
lie_seed45,lie,45,28,15,15,False,True,0.637176495197125,3.2527528050447465,1.0,0.9991447713005706,0.1,1.0
lie_seed45,lie,45,28,16,16,False,True,0.6444787527169741,3.3808481612422843,1.0,1.0393805997181442,0.1,1.0
lie_seed45,lie,45,28,17,17,False,True,0.6362806002237613,3.367667199099088,1.0,1.0353283513816725,0.1,1.0
lie_seed45,lie,45,28,18,18,False,True,0.6519978622273733,3.294531178023665,1.0,1.0128440049038228,0.1,1.0
lie_seed45,lie,45,28,19,19,True,False,,0.5367486517997545,0.9999999999999999,0.16487253753701023,0.1,1.0
lie_seed45,lie,45,28,4,4,False,True,0.6240933587229901,3.403378297372523,0.9999999999999999,1.046307082448494,0.1,1.0
lie_seed45,lie,45,28,7,7,False,True,0.653493383443073,3.2555370337480634,0.9999999999999999,1.0008559607416212,0.1,1.0
lie_seed45,lie,45,28,8,8,True,True,0.5598580605745099,0.5367486517997545,0.9999999999999999,0.16487253753701023,0.1,1.0
lie_seed45,lie,45,29,1,1,False,True,0.6505224577735814,3.385031883450173,0.9999999999999999,1.047948991710029,0.1,1.0
lie_seed45,lie,45,29,11,11,False,True,0.6255625758180796,3.230149473140409,1.0,0.9818757148367582,0.1,1.0
lie_seed45,lie,45,29,13,13,False,True,0.6313860492912964,3.19554268364494,0.9999999999999999,0.9713562121150983,0.1,1.0
lie_seed45,lie,45,29,14,14,True,False,,0.19911202727300836,1.0,0.06052452548618731,0.1,1.0
lie_seed45,lie,45,29,17,17,False,True,0.6467691106178047,3.2897742803196204,0.9999999999999999,1.0184588384144475,0.1,1.0
lie_seed45,lie,45,29,18,18,False,True,0.6552236104224922,3.29824016129383,1.0,1.0210797329100756,0.1,1.0
lie_seed45,lie,45,29,19,19,True,False,,0.19911202727300836,1.0,0.06052452548618731,0.1,1.0
lie_seed45,lie,45,29,2,2,False,True,0.6506811562528203,3.43641958770897,1.0,1.0638577614700973,0.1,1.0
lie_seed45,lie,45,29,3,3,False,True,0.6653042084436128,3.3499904835525323,1.0,1.0371007631097677,0.1,1.0
lie_seed45,lie,45,29,8,8,True,True,0.5601336678676972,0.19911202727300836,1.0,0.06052452548618731,0.1,1.0
lie_seed45,lie,45,30,0,0,False,True,0.661439782233053,3.2770096433806386,0.9999999999999999,0.9925606412398019,0.1,1.0
lie_seed45,lie,45,30,13,13,False,True,0.6353983709507586,3.2614846530607426,1.0,0.9878583376081101,0.1,1.0
lie_seed45,lie,45,30,14,14,True,False,,0.5362917016225311,1.0,0.16243529717077945,0.09808977594988894,0.9808977594988892
lie_seed45,lie,45,30,15,15,False,True,0.6376436950323816,3.3015712161297714,1.0,1.0074951176291915,0.1,1.0
lie_seed45,lie,45,30,16,16,False,True,0.6380657671666257,3.3312372015586034,1.0,1.01654787873069,0.1,1.0
lie_seed45,lie,45,30,19,19,True,True,0.5268668549220363,0.5362917016225311,1.0,0.16243529717077945,0.1,1.0
lie_seed45,lie,45,30,2,2,False,True,0.6568222959779934,3.3721879540071225,1.0,1.029044257107616,0.1,1.0
lie_seed45,lie,45,30,3,3,False,True,0.658994738863964,3.310066596834631,0.9999999999999999,1.0100875362148432,0.1,1.0
lie_seed45,lie,45,30,7,7,False,True,0.6503389259831247,3.2517461871944127,0.9999999999999998,0.984908691748965,0.1,1.0
lie_seed45,lie,45,30,9,9,False,True,0.6460016395932446,3.319891359920369,1.0,1.013085624153212,0.1,1.0
lie_seed45,lie,45,31,0,0,False,True,0.6513207016659076,3.162931931708875,0.9999999999999999,0.9975628685331068,0.1,1.0
lie_seed45,lie,45,31,1,1,False,True,0.6350408919133159,3.2906845810570786,1.0,1.0403905781428502,0.1,1.0
lie_seed45,lie,45,31,12,12,False,True,0.6268781922713458,3.2621498924617174,1.0,1.0313689838716311,0.1,1.0
lie_seed45,lie,45,31,15,15,False,True,0.6166229882111041,3.1119168968493005,1.0,0.9814731436791995,0.1,1.0
lie_seed45,lie,45,31,17,17,False,True,0.6324896551121302,3.2064478671870424,0.9999999999999999,1.0137581005275245,0.1,1.0
lie_seed45,lie,45,31,18,18,False,True,0.6406296329684265,3.202863869747913,1.0,1.0126249754661851,0.1,1.0
lie_seed45,lie,45,31,3,3,False,True,0.651903883300802,3.158519128108903,1.0,0.9961711063603803,0.1,1.0
lie_seed45,lie,45,31,6,6,True,True,0.43672818013899845,0.8515838648705495,0.9999999999999999,0.26858258773144095,0.1,1.0
lie_seed45,lie,45,31,7,7,False,True,0.6486325970971254,3.160732569009241,0.9999999999999999,0.9968692075214372,0.1,1.0
lie_seed45,lie,45,31,9,9,False,True,0.6401017661501618,3.170659245125967,0.9999999999999999,1.0024430855876552,0.1,1.0
lie_seed45,lie,45,32,1,1,False,True,0.6329515518611242,3.3073372600689823,1.0,1.0175051488853555,0.1,1.0
lie_seed45,lie,45,32,10,10,True,True,0.49723314960049625,0.20471211054810323,1.0,0.06251822349335324,0.1,1.0
lie_seed45,lie,45,32,13,13,False,True,0.660215636372093,3.1930764257058692,1.0,0.9751522031557049,0.1,1.0
lie_seed45,lie,45,32,17,17,False,True,0.6392787856809485,3.323410025227376,0.9999999999999999,1.0224499488919778,0.1,1.0
lie_seed45,lie,45,32,18,18,False,True,0.6401888635412304,3.2504378613632223,0.9999999999999999,0.9926701460107923,0.1,1.0
lie_seed45,lie,45,32,4,4,False,True,0.6432284455380594,3.360816504203116,1.0,1.0339580842790213,0.1,1.0
lie_seed45,lie,45,32,5,5,True,True,0.5029856786706021,0.18758759412951356,1.0,0.05728846770701242,0.1,1.0
lie_seed45,lie,45,32,7,7,False,True,0.6454885881382053,3.280378795932825,0.9999999999999999,1.0092113542379937,0.1,1.0
lie_seed45,lie,45,32,8,8,True,True,0.5461368975715895,0.19662946658103136,1.0,0.06004981778644289,0.1,1.0
lie_seed45,lie,45,32,9,9,False,True,0.643994408480091,3.2744390212858114,1.0,1.0073839774658924,0.1,1.0
lie_seed45,lie,45,33,0,0,False,True,0.6443972812482588,3.241640380412331,1.0,0.9917250788941264,0.1,1.0
lie_seed45,lie,45,33,1,1,False,True,0.6457752197418388,3.2686885200352975,1.0,1.008343966772627,0.1,1.0
lie_seed45,lie,45,33,12,12,False,True,0.6203314886733916,3.3193933058353378,1.0,1.0239856727762988,0.1,1.0
lie_seed45,lie,45,33,16,16,False,True,0.6376883357459338,3.32663346639172,1.0,1.0262191594394496,0.1,1.0
lie_seed45,lie,45,33,17,17,False,True,0.6424915855197959,3.279039547711961,1.0,1.0115371117430594,0.1,1.0
lie_seed45,lie,45,33,18,18,False,True,0.6488978413918615,3.150557645220202,1.0,0.9638598556910465,0.1,1.0
lie_seed45,lie,45,33,19,19,True,True,0.534823816828811,0.5298540280514519,1.0,0.1620998834253348,0.1,1.0
lie_seed45,lie,45,33,7,7,False,True,0.6453102408117366,3.171678583871685,1.0,0.9703214498509131,0.1,1.0
lie_seed45,lie,45,33,8,8,True,True,0.5897781457963047,0.5298540280514519,1.0,0.1620998834253348,0.1,1.0
lie_seed45,lie,45,33,9,9,False,True,0.6503090073917801,3.2990422096524266,0.9999999999999999,1.0177076487530656,0.1,1.0
lie_seed45,lie,45,34,0,0,False,True,0.6435009533901053,3.2063925981259933,0.9999999999999998,0.9896889049232946,0.1,1.0
lie_seed45,lie,45,34,10,10,True,True,0.5237180133910494,0.19716395301866474,1.0,0.06085685728798038,0.1,1.0
lie_seed45,lie,45,34,12,12,False,True,0.6205008334977515,3.3120406984726114,1.0,1.0329492091543515,0.1,1.0
lie_seed45,lie,45,34,13,13,False,True,0.667341413709003,3.1169555278859207,1.0,0.962083153788147,0.1,1.0
lie_seed45,lie,45,34,16,16,False,True,0.6456081030461908,3.2798113200583447,1.0,1.022897608351286,0.1,1.0
lie_seed45,lie,45,34,19,19,True,True,0.572566130535546,0.19716395301866474,1.0,0.06085685728798038,0.1,1.0
lie_seed45,lie,45,34,2,2,False,True,0.6558061582838867,3.4217524974088267,0.9999999999999999,1.0671657923015112,0.1,1.0
lie_seed45,lie,45,34,3,3,False,True,0.6605185297748167,3.27830912924229,1.0,1.0224291096350238,0.1,1.0
lie_seed45,lie,45,34,6,6,True,True,0.4400927686835085,0.1934943478900362,1.0,0.059724192659395624,0.1,1.0
lie_seed45,lie,45,34,9,9,False,True,0.6676533842983874,3.2397984681605614,1.0,1.010418521441851,0.1,1.0
lie_seed45,lie,45,35,1,1,False,True,0.6500814724015083,3.338042434887183,0.9999999999999999,1.0427652354881616,0.1,1.0
lie_seed45,lie,45,35,10,10,True,True,0.5250145144258856,0.19921440916401761,1.0,0.06199883081545415,0.1,1.0
lie_seed45,lie,45,35,11,11,False,True,0.6307121821432325,3.2774976975982004,1.0,1.0238517709447281,0.1,1.0
lie_seed45,lie,45,35,18,18,False,True,0.6423542711559843,3.2011447268133244,1.0,0.9962493735585163,0.1,1.0
lie_seed45,lie,45,35,19,19,True,True,0.5657213410687923,0.19921440916401761,1.0,0.06199883081545415,0.1,1.0
lie_seed45,lie,45,35,2,2,False,True,0.6461883601453366,3.382441102783822,1.0,1.0566348576657372,0.1,1.0
lie_seed45,lie,45,35,3,3,False,True,0.6680835971597116,3.2916321133756163,0.9999999999999999,1.0282671963577137,0.1,1.0
lie_seed45,lie,45,35,5,5,True,True,0.486076570045497,0.19078785533069798,1.0,0.05937634739338819,0.0974910527372317,0.974910527372317
lie_seed45,lie,45,35,7,7,False,True,0.6469587295109318,3.2131962255385047,1.0,1.0037647465996258,0.1,1.0
lie_seed45,lie,45,35,9,9,False,True,0.671780198816206,3.1871649225115486,1.0,0.991898626414391,0.1,1.0
lie_seed45,lie,45,36,0,0,False,True,0.6388694457339168,3.231910857537296,1.0,0.997440440793618,0.1,1.0
lie_seed45,lie,45,36,10,10,True,True,0.5588079288709793,0.09142955470775027,1.0,0.028217218657680832,0.1,1.0
lie_seed45,lie,45,36,11,11,False,True,0.6489890199237651,3.2402043524180866,0.9999999999999999,1.0025661273612942,0.1,1.0
lie_seed45,lie,45,36,12,12,False,True,0.6186287618359003,3.245399097044276,0.9999999999999999,1.004173456540586,0.1,1.0
lie_seed45,lie,45,36,15,15,False,True,0.6227986924757369,3.304436138395575,1.0,1.022440371673352,0.1,1.0
lie_seed45,lie,45,36,17,17,False,True,0.6510588938005334,3.2889297624218106,1.0,1.0176424744981867,0.1,1.0
lie_seed45,lie,45,36,18,18,False,True,0.6447682217502271,3.243975821938344,1.0,1.003733074621446,0.1,1.0
lie_seed45,lie,45,36,5,5,True,True,0.4373161002367878,0.07527942585121274,1.0,0.023232925353931306,0.0954185042423646,0.954185042423646
lie_seed45,lie,45,36,6,6,True,True,0.47727846071504126,0.05338344243601501,1.0,0.016475331994470113,0.1,1.0
lie_seed45,lie,45,36,8,8,True,True,0.5837520530722786,0.09142955470775027,1.0,0.028217218657680832,0.1,1.0
lie_seed45,lie,45,37,0,0,False,True,0.6437548936975872,3.075827992235956,1.0,0.9754227043187721,0.1,1.0
lie_seed45,lie,45,37,12,12,False,True,0.623771555467842,3.1533282735961032,1.0,1.0023519848173341,0.1,1.0
lie_seed45,lie,45,37,14,14,True,True,0.4445447758320639,0.19667124673670613,1.0,0.06236941722290755,0.09156957687749818,0.9156957687749818
lie_seed45,lie,45,37,15,15,False,True,0.6425222507326667,3.145929096125606,0.9999999999999999,0.9976535340349899,0.1,1.0
lie_seed45,lie,45,37,16,16,False,True,0.6617405665045905,3.345862358222643,1.0,1.0635530096159085,0.1,1.0
lie_seed45,lie,45,37,2,2,False,True,0.6524917051222381,3.3407248557289964,1.0,1.0619199459527848,0.1,1.0
lie_seed45,lie,45,37,3,3,False,True,0.6543612332587346,3.290736429930841,0.9999999999999999,1.0460300691403293,0.1,1.0
lie_seed45,lie,45,37,5,5,True,True,0.45795200693156635,0.18694444875813668,1.0,0.05928480403498948,0.08820765472630261,0.8820765472630261
lie_seed45,lie,45,37,6,6,True,True,0.4949293864770119,0.19875707264739137,0.9999999999999999,0.06303088527498148,0.0978626778253745,0.9786267782537449
lie_seed45,lie,45,37,7,7,False,True,0.6390904969898531,3.1830965016301445,1.0,1.0118144447534791,0.1,1.0
lie_seed45,lie,45,38,11,11,False,True,0.6594995883684747,3.1501345665110514,1.0,0.976501257085171,0.1,1.0
lie_seed45,lie,45,38,14,14,True,True,0.5158966294664309,0.1895508339957618,1.0,0.05875832405579065,0.08767942794620319,0.8767942794620318
lie_seed45,lie,45,38,16,16,False,True,0.6636259371639597,3.3574752162281793,1.0,1.0658196166987144,0.1,1.0
lie_seed45,lie,45,38,17,17,False,True,0.6557530169585939,3.299726695132755,0.9999999999999999,1.0474875359967195,0.1,1.0
lie_seed45,lie,45,38,18,18,False,True,0.6527054163546606,3.1200039101177306,1.0,0.9671611405842221,0.1,1.0
lie_seed45,lie,45,38,19,19,True,True,0.5711290505110187,0.2085441863716209,1.0,0.06464601935251249,0.1,1.0
lie_seed45,lie,45,38,3,3,False,True,0.6801799466611561,3.2259401036657294,1.0,1.0240642218781901,0.1,1.0
lie_seed45,lie,45,38,4,4,False,True,0.6428314945969974,3.409861819327711,1.0,1.0824495739254472,0.1,1.0
lie_seed45,lie,45,38,5,5,True,True,0.43372558620371704,0.18528599027271175,1.0,0.05743627727686757,0.08461751402393816,0.8461751402393816
lie_seed45,lie,45,38,7,7,False,True,0.6382767505352117,3.2384168569670417,1.0,1.028024926742659,0.1,1.0
lie_seed45,lie,45,39,1,1,False,True,0.6433969331614846,3.3226792095630175,1.0,1.0364377418733683,0.1,1.0
lie_seed45,lie,45,39,11,11,False,True,0.6532081247412685,3.188292660703398,1.0000000000000002,0.9778859679232986,0.1,1.0
lie_seed45,lie,45,39,13,13,False,True,0.6685224921163558,3.305002009578829,1.0,1.030923722589916,0.1,1.0
lie_seed45,lie,45,39,14,14,True,True,0.5493347530243762,0.5092505708910453,1.0,0.15619299745256648,0.08418121552588376,0.8418121552588375
lie_seed45,lie,45,39,15,15,False,True,0.6465754227785661,3.2058647377673184,1.0,0.9832755257264031,0.1,1.0
lie_seed45,lie,45,39,16,16,False,True,0.6790911742678835,3.260393098260997,0.9999999999999999,1.0170089398505484,0.1,1.0
lie_seed45,lie,45,39,19,19,True,True,0.5747554862631669,0.5349652204479546,1.0,0.16407997573461008,0.1,1.0
lie_seed45,lie,45,39,2,2,False,True,0.6552985482158389,3.339697251108075,0.9999999999999999,1.0417461509726584,0.1,1.0
lie_seed45,lie,45,39,4,4,False,True,0.6278140517765917,3.438078959296409,1.0,1.072434191871368,0.1,1.0
lie_seed45,lie,45,39,7,7,False,True,0.6410508586896625,3.105504941163652,1.0,0.9524940237482535,0.1,1.0
lie_seed45,lie,45,40,1,1,False,True,0.6452630751304724,3.1887030243861965,0.9999999999999999,1.0117905089369355,0.1,1.0
lie_seed45,lie,45,40,11,11,False,True,0.6492706839489027,3.085053215768618,1.0,0.9674946811211651,0.1,1.0
lie_seed45,lie,45,40,12,12,False,True,0.6487297748242561,3.151544708337393,1.0,0.9883468871937499,0.1,1.0
lie_seed45,lie,45,40,15,15,False,True,0.6500274187409322,3.250161070224269,0.9999999999999999,1.0312914367440154,0.1,1.0
lie_seed45,lie,45,40,17,17,False,True,0.6689101563799189,3.2809017694858786,1.0,1.0410456056061246,0.1,1.0
lie_seed45,lie,45,40,19,19,True,True,0.5655115453867482,0.2086235236314487,1.0,0.06542582424138017,0.1,1.0
lie_seed45,lie,45,40,3,3,False,True,0.6930033642409453,3.2017816055717523,0.9999999999999998,1.0159404044313438,0.1,1.0
lie_seed45,lie,45,40,5,5,True,True,0.44610519446802416,0.17924355235618702,1.0,0.056212055806197314,0.08184447796053967,0.8184447796053967
lie_seed45,lie,45,40,6,6,True,True,0.48746667109237674,0.18086462552915697,0.9999999999999999,0.05672043590950969,0.09463104564234268,0.9463104564234267
lie_seed45,lie,45,40,9,9,False,True,0.6753996700123489,3.2361590763151913,1.0,1.0268485380372208,0.1,1.0
lie_seed45,lie,45,41,10,10,True,True,0.5856150615340123,0.051996622391840865,1.0,0.016570774487812315,0.1,1.0
lie_seed45,lie,45,41,14,14,True,True,0.5431689740096608,0.03567385721088699,1.0,0.011368881588062263,0.08289543966330248,0.8289543966330248
lie_seed45,lie,45,41,15,15,False,True,0.6754589524469551,3.151054105956488,1.0,1.0261974346058635,0.1,1.0
lie_seed45,lie,45,41,16,16,False,True,0.6661603050730938,3.2323638346799513,1.0,1.0526774099470642,0.1,1.0
lie_seed45,lie,45,41,17,17,False,True,0.6818322846453506,3.15003517218685,1.0,1.0258656005004259,0.1,1.0
lie_seed45,lie,45,41,18,18,False,True,0.6554875417079792,3.1378510660490857,1.0,1.0218976272314477,0.1,1.0
lie_seed45,lie,45,41,19,19,True,True,0.6173028600769367,0.0701606039266161,1.0,0.02235944359684233,0.09721287048345051,0.972128704834505
lie_seed45,lie,45,41,2,2,False,True,0.6464299346734399,3.3156137541337967,0.9999999999999999,1.0797892432898144,0.1,1.0
lie_seed45,lie,45,41,3,3,False,True,0.675644754422556,3.0706119501913665,0.9999999999999999,0.9785716038006925,0.1,1.0
lie_seed45,lie,45,41,5,5,True,True,0.4405333171113764,0.08422935287743585,1.0,0.026843005325772287,0.07633176304843324,0.7633176304843323
lie_seed45,lie,45,42,1,1,False,True,0.6496406189961793,3.216500748971187,1.0000000000000002,1.034117805044698,0.1,1.0
lie_seed45,lie,45,42,10,10,True,True,0.602535015310144,0.2038011831617923,1.0,0.06507682271965454,0.09980096658238848,0.9980096658238847
lie_seed45,lie,45,42,12,12,False,True,0.6561600184823824,3.1594864296243115,0.9999999999999999,1.0157874742347432,0.1,1.0
lie_seed45,lie,45,42,13,13,False,True,0.6620484636451005,3.2797905929471183,1.0,1.054465742024021,0.1,1.0
lie_seed45,lie,45,42,15,15,False,True,0.6560217009901435,3.131701497470929,0.9999999999999999,1.0068545078547535,0.1,1.0
lie_seed45,lie,45,42,17,17,False,True,0.6908142175885351,3.1103813639802476,1.0,0.9931921565615692,0.1,1.0
lie_seed45,lie,45,42,18,18,False,True,0.6570733574138913,3.1075276879500118,1.0,0.9922809343290095,0.1,1.0
lie_seed45,lie,45,42,19,19,True,True,0.6286535872680383,0.21132697448301807,0.9999999999999999,0.06747992254487843,0.0949507446672733,0.9495074466727329
lie_seed45,lie,45,42,5,5,True,True,0.42487680578040027,0.18972962113585762,1.0,0.060583558582795245,0.07086815312070054,0.7086815312070053
lie_seed45,lie,45,42,7,7,False,True,0.6504195725295557,3.158718072721733,0.9999999999999999,1.0155404444294993,0.1,1.0
lie_seed45,lie,45,43,1,1,False,True,0.6450038199682487,3.1889513742160336,0.9999999999999999,0.9956627392046998,0.1,1.0
lie_seed45,lie,45,43,10,10,True,True,0.6369182950271882,0.2095063100867828,1.0,0.06541260812826181,0.09572529623959108,0.9572529623959107
lie_seed45,lie,45,43,11,11,False,True,0.6500807501561582,3.1545849019846246,1.0,0.9849327493543093,0.1,1.0
lie_seed45,lie,45,43,12,12,False,True,0.6641131058351336,3.243292736434933,1.0,1.0170405113913845,0.1,1.0
lie_seed45,lie,45,43,13,13,False,True,0.6617081655760301,3.2656332462536617,0.9999999999999999,1.0240461089051505,0.1,1.0
lie_seed45,lie,45,43,14,14,True,True,0.5335245108963346,0.18595443379141632,1.0,0.05805917970810609,0.08224717101300622,0.822471710130062
lie_seed45,lie,45,43,2,2,False,True,0.6485394243805472,3.343720236178751,0.9999999999999999,1.0485328384791586,0.1,1.0
lie_seed45,lie,45,43,3,3,False,True,0.6676562513625824,3.202842939330295,0.9999999999999999,1.0043561545737512,0.1,1.0
lie_seed45,lie,45,43,8,8,True,True,0.5489904135532162,0.18200110815077877,1.0,0.05682486203611179,0.09940909766428813,0.9940909766428813
lie_seed45,lie,45,43,9,9,False,True,0.6697155192583719,3.2640491879784244,0.9999999999999999,1.0235493756253504,0.1,1.0
lie_seed45,lie,45,44,0,0,False,True,0.64937903476871,3.110531935850097,1.0,0.9847678400145798,0.1,1.0
lie_seed45,lie,45,44,1,1,False,True,0.6639509051702276,3.1383893432755143,0.9999999999999998,0.9935872572411183,0.1,1.0
lie_seed45,lie,45,44,13,13,False,True,0.652552695634491,3.1727394103687976,1.0,1.0109451260937026,0.1,1.0
lie_seed45,lie,45,44,16,16,False,True,0.6429842244553973,3.1698186715985224,0.9999999999999999,1.0100144771362898,0.1,1.0
lie_seed45,lie,45,44,17,17,False,True,0.6915347846893712,3.1641798025165846,1.0,1.0082177373232324,0.1,1.0
lie_seed45,lie,45,44,18,18,False,True,0.6594970000561278,3.10116580315212,1.0,0.981802602410049,0.1,1.0
lie_seed45,lie,45,44,2,2,False,True,0.6393197862212172,3.24999409579042,1.0,1.0355611558374795,0.1,1.0
lie_seed45,lie,45,44,3,3,False,True,0.6672366240879304,3.1586449206180864,1.0,1.0064541314435613,0.1,1.0
lie_seed45,lie,45,44,5,5,True,True,0.42544262040859493,0.44635478787239763,1.0,0.14131211297566632,0.06960988214976523,0.6960988214976522
lie_seed45,lie,45,44,6,6,True,True,0.4758403075771255,0.44633397980248113,1.0,0.14130552531847806,0.09356405820252135,0.9356405820252135
lie_seed45,lie,45,45,1,1,False,True,0.6597482563674426,3.0937064453084675,0.9999999999999999,0.9976225514410291,0.1,1.0
lie_seed45,lie,45,45,10,10,True,True,0.6476675782495596,0.20041164320618915,1.0,0.06462642088652094,0.09044385000461824,0.9044385000461823
lie_seed45,lie,45,45,12,12,False,True,0.6719911782538316,3.1510244377834975,1.0,1.0185272887031513,0.1,1.0
lie_seed45,lie,45,45,14,14,True,True,0.5179336143117228,0.1782503148831051,1.0,0.05748009291525377,0.07635211422997282,0.7635211422997281
lie_seed45,lie,45,45,15,15,False,True,0.6590124420419489,3.1036552135642173,1.0,1.0032158087496752,0.1,1.0
lie_seed45,lie,45,45,16,16,False,True,0.63265554227241,3.1613964728162105,1.0,1.021879912882618,0.1,1.0
lie_seed45,lie,45,45,17,17,False,True,0.6907113872380177,3.214313607290584,1.0,1.0389846820033666,0.1,1.0
lie_seed45,lie,45,45,18,18,False,True,0.6617068360605938,3.101079101349225,1.0,1.002383114290607,0.1,1.0
lie_seed45,lie,45,45,3,3,False,True,0.6659281236533877,3.022070212244743,1.0,0.9745221303545251,0.1,1.0
lie_seed45,lie,45,45,5,5,True,True,0.4430449893690981,0.17588320706748475,1.0,0.05671677545760154,0.06465737158585823,0.6465737158585823
lie_seed45,lie,45,46,1,1,False,True,0.6562228488631325,3.079094106187865,0.9999999999999999,0.9860237264673727,0.1,1.0
lie_seed45,lie,45,46,10,10,True,True,0.6150311612844703,0.2086138963218485,1.0,0.06680479529052656,0.08825676718471195,0.8825676718471195
lie_seed45,lie,45,46,11,11,False,True,0.6432707526564531,3.166071249439785,1.0,1.028247640459292,0.1,1.0
lie_seed45,lie,45,46,13,13,False,True,0.6544824211759285,3.122738351560095,1.0,1.0141743785240342,0.1,1.0
lie_seed45,lie,45,46,16,16,False,True,0.6317181596248007,3.2238671444695117,1.0,1.0470180622250893,0.1,1.0
lie_seed45,lie,45,46,2,2,False,True,0.6337506507996368,3.2541123232429907,1.0,1.0568408145445773,0.1,1.0
lie_seed45,lie,45,46,3,3,False,True,0.6680030282954578,3.0072684118654807,1.0,0.9630228579231026,0.1,1.0
lie_seed45,lie,45,46,5,5,True,True,0.4371145403000231,0.19943886024354374,0.9999999999999999,0.06386665733422901,0.06183477795377225,0.6183477795377225
lie_seed45,lie,45,46,8,8,True,True,0.5742815181677421,0.211192173223502,1.0,0.06763044144188132,0.0981047836172854,0.981047836172854
lie_seed45,lie,45,46,9,9,False,True,0.6736720206382284,3.260537151783486,1.0,1.0589274115497107,0.1,1.0
lie_seed45,lie,45,47,0,0,False,True,0.6515596954741004,3.332794854924017,1.0,1.0404946030696345,0.1,1.0
lie_seed45,lie,45,47,1,1,False,True,0.6587650774881704,3.0175251344821135,1.0,0.9285492906393877,0.1,1.0
lie_seed45,lie,45,47,12,12,False,True,0.6830732944761717,3.2030871136589374,1.0,0.9856502049500327,0.1,1.0
lie_seed45,lie,45,47,13,13,False,True,0.64077879938526,3.19416761000345,0.9999999999999999,0.9829055057601188,0.1,1.0
lie_seed45,lie,45,47,2,2,False,True,0.6334338653061843,3.2976327392225295,1.0,1.0295170322281966,0.1,1.0
lie_seed45,lie,45,47,4,4,False,True,0.630113358983402,3.437928479562293,1.0,1.0733171960581154,0.1,1.0
lie_seed45,lie,45,47,6,6,True,True,0.5101772972652927,0.4957235606276549,0.9999999999999998,0.15254347190484652,0.09066897361443932,0.9066897361443932
lie_seed45,lie,45,47,7,7,False,True,0.6473551242657638,3.2957381573324196,1.0,1.028925546007909,0.1,1.0
lie_seed45,lie,45,47,8,8,True,True,0.6023497901924947,0.5150462015358903,0.9999999999999999,0.158489412272863,0.09279047858889933,0.9279047858889933
lie_seed45,lie,45,47,9,9,False,True,0.6869940577341445,3.249719928604202,1.0,1.0145587095481756,0.1,1.0
lie_seed45,lie,45,48,0,0,False,True,0.6563543159100134,3.1867716585986665,1.0,1.048672009360087,0.1,1.0
lie_seed45,lie,45,48,13,13,False,True,0.6462123114861216,3.096589784157119,0.9999999999999999,1.0189958299503383,0.1,1.0
lie_seed45,lie,45,48,14,14,True,True,0.5025004273494125,7.535909518782151e-05,1.0,2.433615701161851e-05,0.06879904100227074,0.6879904100227074
lie_seed45,lie,45,48,17,17,False,True,0.6822223585663677,3.137847391081313,1.0,1.0325724843798585,0.1,1.0
lie_seed45,lie,45,48,18,18,False,True,0.649192583013392,3.2317291910287325,1.0,1.0634661995061234,0.1,1.0
lie_seed45,lie,45,48,19,19,True,True,0.5765477704250153,7.535909518782151e-05,1.0,2.433615701161851e-05,0.09628429156574272,0.9628429156574272
lie_seed45,lie,45,48,3,3,False,True,0.6695128263943002,3.038864039618331,1.0,0.9813582848996898,0.1,1.0
lie_seed45,lie,45,48,4,4,False,True,0.6544273132036447,3.4083971664519592,1.0,1.121602388924264,0.1,1.0
lie_seed45,lie,45,48,5,5,True,True,0.4566873139134333,7.535909518782151e-05,1.0,2.433615701161851e-05,0.05691996527654474,0.5691996527654474
lie_seed45,lie,45,48,8,8,True,True,0.5454552160241568,7.535909518782151e-05,1.0,2.433615701161851e-05,0.09327812885593748,0.9327812885593747
lie_seed45,lie,45,49,1,1,False,True,0.6512103627231912,3.0660557995154116,1.0,0.9720539685668296,0.1,1.0
lie_seed45,lie,45,49,10,10,True,True,0.595925811220378,0.4912160822295262,1.0,0.15573380700720704,0.08468853431869135,0.8468853431869134
lie_seed45,lie,45,49,12,12,False,True,0.6800005527608697,3.111907430018991,1.0,0.9865906444496719,0.1,1.0
lie_seed45,lie,45,49,15,15,False,True,0.6556987597573262,3.169778005709821,1.0,1.013082729678091,0.1,1.0
lie_seed45,lie,45,49,16,16,False,True,0.6478060678897556,3.195076622083984,1.0,1.0211683404960248,0.1,1.0
lie_seed45,lie,45,49,18,18,False,True,0.632673447977403,3.1288441830580056,0.9999999999999999,0.9919602264412366,0.1,1.0
lie_seed45,lie,45,49,19,19,True,True,0.5749657306929559,0.5200984931706288,1.0,0.16489060780043271,0.09309579970156777,0.9309579970156776
lie_seed45,lie,45,49,2,2,False,True,0.6431024706661407,3.336036597844344,1.0,1.0662201128161763,0.1,1.0
lie_seed45,lie,45,49,7,7,False,True,0.6459690231635533,3.1542032630512504,1.0,1.008104935404121,0.1,1.0
lie_seed45,lie,45,49,9,9,False,True,0.6781984837268865,3.1800144962334906,1.0,1.0163543820598548,0.1,1.0
lie_seed45,lie,45,50,1,1,False,True,0.6363772115212984,3.0810413263338963,1.0,1.049169909378441,0.1,1.0
lie_seed45,lie,45,50,12,12,False,True,0.6771287189602967,3.082380742113142,1.0,1.0496260132027295,0.1,1.0
lie_seed45,lie,45,50,14,14,True,True,0.44148189144183164,0.08475217639929622,0.9999999999999999,0.027511395949712577,0.06365222127929418,0.6365222127929417
lie_seed45,lie,45,50,16,16,False,True,0.6522299214633243,3.226609941340096,1.0,1.0987395822384047,0.1,1.0
lie_seed45,lie,45,50,18,18,False,True,0.6368921273325692,2.9366466754266667,1.0,0.953264599028527,0.1,1.0
lie_seed45,lie,45,50,19,19,True,True,0.5876662411649123,0.054311455117088396,1.0,0.017630036298910547,0.09153013544838215,0.9153013544838214
lie_seed45,lie,45,50,2,2,False,True,0.6427007534294109,3.080620720017723,1.0,1.0490266826430994,0.1,1.0
lie_seed45,lie,45,50,4,4,False,True,0.6529106564083736,3.259402906575062,0.9999999999999999,1.1099063887559786,0.1,1.0
lie_seed45,lie,45,50,6,6,True,True,0.5440947559630146,0.03661825490798329,1.0,0.011886648255671222,0.08474205713722374,0.8474205713722374
lie_seed45,lie,45,50,8,8,True,True,0.5357202777741471,0.054311455117088396,1.0,0.017630036298910547,0.09042207902093335,0.9042207902093334
lie_seed45,lie,45,51,0,0,False,True,0.6545756628814339,3.1650343322654173,1.0,1.037750214766024,0.1,1.0
lie_seed45,lie,45,51,1,1,False,True,0.6438312649528951,2.8975205844068284,1.0,0.9362289424509194,0.1,1.0
lie_seed45,lie,45,51,15,15,False,True,0.6417277348991858,3.0498999539875022,1.0,0.9854648225346004,0.1,1.0
lie_seed45,lie,45,51,17,17,False,True,0.6654864352514811,3.1492263192302032,1.0,1.0325670896557901,0.1,1.0
lie_seed45,lie,45,51,18,18,False,True,0.6376798699015229,2.9334018371519375,0.9999999999999999,0.947822671065705,0.1,1.0
lie_seed45,lie,45,51,4,4,False,True,0.6350972092923761,3.2105713016102873,0.9999999999999999,1.0526808584041323,0.1,1.0
lie_seed45,lie,45,51,6,6,True,True,0.5569416740098929,0.4439763336839797,1.0,0.1434548888436222,0.08199721574026944,0.8199721574026944
lie_seed45,lie,45,51,7,7,False,True,0.6461331808633944,3.098455445871593,1.0,1.0159203556236682,0.1,1.0
lie_seed45,lie,45,51,8,8,True,True,0.5510885777291766,0.42522368747156264,1.0,0.1373956497044457,0.08417969837612647,0.8417969837612647
lie_seed45,lie,45,51,9,9,False,True,0.6652929818185103,3.0948846516339428,0.9999999999999999,1.0147495650103626,0.1,1.0
lie_seed45,lie,45,52,10,10,True,False,,0.0,0.0,0.0,0.07879794225408429,0.7879794225408429
lie_seed45,lie,45,52,12,12,False,True,0.6811543872166615,2.9123613566468833,0.9999999999999999,,0.1,1.0
lie_seed45,lie,45,52,14,14,True,False,,0.0,0.0,0.0,0.05536645737050877,0.5536645737050877
lie_seed45,lie,45,52,15,15,False,True,0.643390908500518,3.0247636818392554,1.0,,0.1,1.0
lie_seed45,lie,45,52,17,17,False,True,0.654902854769063,2.966405607457645,0.9999999999999999,,0.1,1.0
lie_seed45,lie,45,52,18,18,False,True,0.6468605680595387,2.805121264595002,1.0,,0.1,1.0
lie_seed45,lie,45,52,19,19,True,False,,0.0,0.0,0.0,0.0850623825677282,0.850623825677282
lie_seed45,lie,45,52,5,5,True,False,,0.0,0.0,0.0,0.05,0.5
lie_seed45,lie,45,52,7,7,False,True,0.6404628330824399,3.007370822230533,1.0,,0.1,1.0
lie_seed45,lie,45,52,8,8,True,False,,0.0,0.0,0.0,0.07857476496585977,0.7857476496585977
lie_seed45,lie,45,53,1,1,False,True,0.6507778407946386,3.058221495465822,1.0,0.9361563395285942,0.1,1.0
lie_seed45,lie,45,53,11,11,False,True,0.6468218027969621,3.2810701824072255,1.0,1.0728687203565221,0.1,1.0
lie_seed45,lie,45,53,12,12,False,True,0.6653220918990225,2.989632416873897,0.9999999999999999,0.9151604434362234,0.1,1.0
lie_seed45,lie,45,53,14,14,True,False,,0.17395747835477446,0.9999999999999999,0.053250360188651126,0.05388216675875344,0.5388216675875344
lie_seed45,lie,45,53,2,2,False,True,0.6511388753342282,3.269269903886506,1.0,1.0690101775602547,0.1,1.0
lie_seed45,lie,45,53,3,3,False,True,0.6662849273828072,3.3128959272121303,1.0,1.0832753389915981,0.1,1.0
lie_seed45,lie,45,53,4,4,False,True,0.6409473138135426,3.30712969099907,1.0,1.0813898522073317,0.1,1.0
lie_seed45,lie,45,53,5,5,True,False,,0.17370860511236577,1.0,0.053174177262082414,0.05,0.5
lie_seed45,lie,45,53,6,6,True,True,0.5875018583833542,0.2202344026907672,1.0,0.06741625240909865,0.0817207802502741,0.8172078025027409
lie_seed45,lie,45,53,9,9,False,True,0.666243150137568,3.266785008373498,1.0,1.0681976479522155,0.1,1.0
lie_seed45,lie,45,54,0,0,False,True,0.6603197659256675,3.2519239738488186,1.0,1.0891624303741103,0.1,1.0
lie_seed45,lie,45,54,1,1,False,True,0.6484890923578079,2.9428054208480754,1.0,0.9568849471059512,0.1,1.0
lie_seed45,lie,45,54,12,12,False,True,0.6608261919434854,2.9857107472315527,1.0,0.9708360770978165,0.1,1.0
lie_seed45,lie,45,54,15,15,False,True,0.6424787773092175,3.150020807009516,1.0,1.0550321426582656,0.1,1.0
lie_seed45,lie,45,54,17,17,False,True,0.6511547581091236,3.160558875159265,1.0,1.0585616433506952,0.1,1.0
lie_seed45,lie,45,54,5,5,True,False,,0.17352075084348204,1.0,0.05642214511240094,0.05,0.5
lie_seed45,lie,45,54,6,6,True,True,0.590364620055632,0.21446801782405214,0.9999999999999999,0.06973659095420058,0.0744137583724769,0.7441375837247689
lie_seed45,lie,45,54,7,7,False,True,0.6333411043426697,3.0754015200557157,0.9999999999999999,1.030040007360836,0.1,1.0
lie_seed45,lie,45,54,8,8,True,False,,0.17196184715195445,0.9999999999999999,0.05591525075036027,0.07186810959631215,0.7186810959631215
lie_seed45,lie,45,54,9,9,False,True,0.6529878013874992,3.1135893391371496,1.0,1.0428302011586923,0.1,1.0
lie_seed45,lie,45,55,10,10,True,False,,0.4946163077362118,1.0,0.16279344902633086,0.07364926595360745,0.7364926595360745
lie_seed45,lie,45,55,13,13,False,True,0.6355042583742301,3.1283933538349085,1.0,1.0539013355488025,0.1,1.0
lie_seed45,lie,45,55,15,15,False,True,0.6461159932719915,2.9322595226326498,0.9999999999999998,0.9650968511621592,0.1,1.0
lie_seed45,lie,45,55,16,16,False,True,0.659590260104352,3.16312313450799,1.0,1.0656011948998685,0.1,1.0
lie_seed45,lie,45,55,2,2,False,True,0.6304218117674645,3.1575186041014454,1.0,1.063713126037511,0.1,1.0
lie_seed45,lie,45,55,3,3,False,True,0.6589369892210777,3.0383059680504134,0.9999999999999999,1.0235524613965177,0.1,1.0
lie_seed45,lie,45,55,4,4,False,True,0.6341916790507726,3.337003946809342,1.0,1.1241786177441109,0.1,1.0
lie_seed45,lie,45,55,6,6,True,True,0.5851660658344793,0.45617311671946814,1.0,0.15014061174759838,0.0677543256556866,0.6775432565568661
lie_seed45,lie,45,55,7,7,False,True,0.6451460249689183,2.9117248397831053,1.0,0.9583382550676648,0.1,1.0
lie_seed45,lie,45,55,9,9,False,True,0.6402580638283146,2.9683930063584625,1.0,0.9769894926886472,0.1,1.0
lie_seed45,lie,45,56,1,1,False,True,0.6566883444210799,2.8354875433173503,0.9999999999999999,0.949030470316261,0.1,1.0
lie_seed45,lie,45,56,13,13,False,True,0.63110560975476,3.089729821408373,1.0,1.0572020119758292,0.1,1.0
lie_seed45,lie,45,56,14,14,True,False,,0.1646226186322534,0.9999999999999999,0.055098771833248815,0.05114061330860127,0.5114061330860127
lie_seed45,lie,45,56,17,17,False,True,0.6561936167367132,3.039325597152082,1.0,1.0399553754166682,0.1,1.0
lie_seed45,lie,45,56,18,18,False,True,0.6585155402766306,2.9225538604811256,1.0,0.9781713452678653,0.1,1.0
lie_seed45,lie,45,56,2,2,False,True,0.6296736612315125,3.1817561918504405,0.9999999999999999,1.0886903522546694,0.1,1.0
lie_seed45,lie,45,56,3,3,False,True,0.6443179455824147,2.9877729240584174,0.9999999999999999,1.0223157781484153,0.1,1.0
lie_seed45,lie,45,56,6,6,True,True,0.5699329401786658,0.16164786147285257,0.9999999999999999,0.054103128176581604,0.06405682804843128,0.6405682804843128
lie_seed45,lie,45,56,8,8,True,False,,0.1831237633798421,1.0,0.061291057933243936,0.06830203160793319,0.6830203160793319
lie_seed45,lie,45,56,9,9,False,True,0.6521432896476187,3.028239373978841,1.0,1.0361620413320003,0.1,1.0
lie_seed45,lie,45,57,0,0,False,True,0.6565456584428891,3.219839732188649,0.9999999999999999,1.0416896335824408,0.1,1.0
lie_seed45,lie,45,57,1,1,False,True,0.646715527568615,3.020555768447035,1.0,0.966356857180144,0.1,1.0
lie_seed45,lie,45,57,10,10,True,False,,0.5127261995842417,1.0,0.16403487199274172,0.06958100104151882,0.6958100104151882
lie_seed45,lie,45,57,11,11,False,True,0.6523506903800009,3.290793532070202,1.0,1.0646447630135742,0.1,1.0
lie_seed45,lie,45,57,13,13,False,True,0.6258168827445758,3.205136736659838,1.0,1.0369328881233861,0.1,1.0
lie_seed45,lie,45,57,15,15,False,True,0.6442324812970962,3.0909779922791434,0.9999999999999998,0.988886816603148,0.1,1.0
lie_seed45,lie,45,57,16,16,False,True,0.6471449992059181,3.3026438278120893,1.0,1.0684785967618209,0.1,1.0
lie_seed45,lie,45,57,6,6,True,True,0.5835112701159759,0.5127261995842417,1.0,0.16403487199274172,0.058830152378090694,0.5883015237809069
lie_seed45,lie,45,57,7,7,False,True,0.6406929316755166,2.9890015231315683,1.0,0.956261807238582,0.1,1.0
lie_seed45,lie,45,57,9,9,False,True,0.6549494761623413,3.1257146322333766,1.0,1.0112380741761995,0.1,1.0
lie_seed45,lie,45,58,1,1,False,True,0.6635971278414926,2.695749188521107,1.0,,0.1,1.0
lie_seed45,lie,45,58,10,10,True,False,,0.0,0.0,,0.07227155235230452,0.7227155235230451
lie_seed45,lie,45,58,12,12,False,True,0.6555680346150816,2.924180572068114,1.0,,0.1,1.0
lie_seed45,lie,45,58,13,13,False,True,0.6421790831722429,2.783223117760729,0.9999999999999999,,0.1,1.0
lie_seed45,lie,45,58,14,14,True,False,,0.0,0.0,,0.05027789274356818,0.5027789274356818
lie_seed45,lie,45,58,18,18,False,True,0.651522467904427,2.8757046839639044,0.9999999999999999,,0.1,1.0
lie_seed45,lie,45,58,19,19,True,False,,0.0,0.0,,0.08374956159496687,0.8374956159496686
lie_seed45,lie,45,58,5,5,True,False,,0.0,0.0,,0.05,0.5
lie_seed45,lie,45,58,6,6,True,False,,0.0,0.0,,0.056890590225167875,0.5689059022516787
lie_seed45,lie,45,58,8,8,True,False,,0.0,0.0,,0.06827670085072528,0.6827670085072528
lie_seed45,lie,45,59,1,1,False,True,0.6577190584078164,2.723984532446871,1.0,0.9319767384484957,0.1,1.0
lie_seed45,lie,45,59,10,10,True,False,,0.2300231321399478,0.9999999999999999,0.07869949550224808,0.06726829700065816,0.6726829700065815
lie_seed45,lie,45,59,11,11,False,True,0.6384480032070984,3.2777867697131526,0.9999999999999999,1.1243313916872995,0.1,1.0
lie_seed45,lie,45,59,12,12,False,True,0.6535420802354517,2.915320868871351,0.9999999999999999,0.9974400377600341,0.1,1.0
lie_seed45,lie,45,59,15,15,False,True,0.6625783198083028,3.0262848115913297,1.0,1.038062342949899,0.1,1.0
lie_seed45,lie,45,59,17,17,False,True,0.6507638508354208,3.0373417956326882,1.0,1.0418550589282398,0.1,1.0
lie_seed45,lie,45,59,18,18,False,True,0.6398745673815537,2.922803134530603,1.0,1.002566532466167,0.1,1.0
lie_seed45,lie,45,59,19,19,True,False,,0.21882491692017506,1.0,0.07486816827822991,0.07599344143332315,0.7599344143332314
lie_seed45,lie,45,59,3,3,False,True,0.639050063619084,3.1876586004391356,1.0,1.0934160402292934,0.1,1.0
lie_seed45,lie,45,59,6,6,True,False,,0.20545222670993105,1.0,0.07029287203187781,0.05066357977252833,0.5066357977252833
lie_seed45,lie,45,60,1,1,False,True,0.6623960364528346,2.783631121146644,1.0,0.9357532122371213,0.1,1.0
lie_seed45,lie,45,60,10,10,True,False,,0.18278058719990503,0.9999999999999999,0.06144403269081283,0.055316382986335566,0.5531638298633557
lie_seed45,lie,45,60,13,13,False,True,0.6346236982451084,2.9747492017599058,0.9999999999999999,1.0422371735824876,0.1,1.0
lie_seed45,lie,45,60,14,14,True,False,,0.17596071645377703,1.0,0.059151445893212126,0.05,0.5
lie_seed45,lie,45,60,15,15,False,True,0.6575853715431624,2.975193831434644,1.0,1.0423929546396657,0.1,1.0
lie_seed45,lie,45,60,17,17,False,True,0.6538264412702062,3.0950994204493627,1.0,1.0844032397815222,0.1,1.0
lie_seed45,lie,45,60,18,18,False,True,0.6314665074935513,2.8541960286589894,0.9999999999999999,0.9594745086309813,0.1,1.0
lie_seed45,lie,45,60,4,4,False,True,0.6377946612482644,3.4085221821122795,0.9999999999999999,1.1942144645593014,0.09848728715206079,0.9848728715206078
lie_seed45,lie,45,60,8,8,True,False,,0.20285372275644628,1.0,0.06819187400283527,0.05944816798538525,0.5944816798538525
lie_seed45,lie,45,60,9,9,False,True,0.6628651092691716,3.0991110957028742,1.0,1.0858087757759776,0.1,1.0
